Pure output:,Classified,Dmg (string),Dmg (int),,,,Class,Count,Sum,Avg_Dmg,AVG per HP,HP
cowboyC dealt 330 dmg,cow,330,330,,Gameboard Size,shrtct,Cowboy,943,191180,202.74,1.8431,110
YoungNinjaC dealt 760 dmg,You,760,760,,1000x1000,cow,YoungNinja,361,270160,748.37,7.4837,100
YoungNinjaC dealt 800 dmg,You,800,800,,,you,TrainedNinja,360,267200,742.22,6.1852,120
YoungNinjaC dealt 160 dmg,You,160,160,,Team Size,tra,OldNinja,364,309000,848.90,5.6593,150
OldNinjaC dealt 1240 dmg,Old,1240,1240,,10,old,,,,,,
YoungNinjaC dealt 320 dmg,You,320,320,,,,,,,,,
TrainedNinjaC dealt 480 dmg,Tra,480,480,,Ninja dmg,,,,,,,
cowderC dealt 70 dmg,cow,70,70,,40,,,,,,,
cowboyC dealt 170 dmg,cow,170,170,,,,,,,,,
cowboyC dealt 90 dmg,cow,90,90,,Cowboy dmg,,,,,,,
cowboyC dealt 220 dmg,cow,220,220,,10,,,,,,,
YoungNinjaC dealt 480 dmg,You,480,480,,,,,,,,,
OldNinjaC dealt 120 dmg,Old,120,120,,,,,,,,,
TrainedNinjaC dealt 200 dmg,Tra,200,200,,,,,,,,,
TrainedNinjaC dealt 560 dmg,Tra,560,560,,,,,,,,,
TrainedNinjaC dealt 680 dmg,Tra,680,680,,,,,,,,,
OldNinjaC dealt 960 dmg,Old,960,960,,,,,,,,,
cowderC dealt 30 dmg,cow,30,30,,,,,,,,,
cowboyC dealt 410 dmg,cow,410,410,,,,,,,,,
cowboyC dealt 50 dmg,cow,50,50,,,,,,,,,
cowboyC dealt 520 dmg,cow,520,520,,,,,,,,,
YoungNinjaC dealt 1160 dmg,You,1160,1160,,,,,,,,,
YoungNinjaC dealt 920 dmg,You,920,920,,,,,,,,,
TrainedNinjaC dealt 1760 dmg,Tra,1760,1760,,,,,,,,,
OldNinjaC dealt 440 dmg,Old,440,440,,,,,,,,,
YoungNinjaC dealt 520 dmg,You,520,520,,,,,,,,,
YoungNinjaC dealt 680 dmg,You,680,680,,,,,,,,,
cowderC dealt 80 dmg,cow,80,80,,,,,,,,,
cowboyC dealt 40 dmg,cow,40,40,,,,,,,,,
cowboyC dealt 230 dmg,cow,230,230,,,,,,,,,
cowboyC dealt 230 dmg,cow,230,230,,,,,,,,,
cowboyC dealt 230 dmg,cow,230,230,,,,,,,,,
cowboyC dealt 230 dmg,cow,230,230,,,,,,,,,
cowboyC dealt 230 dmg,cow,230,230,,,,,,,,,
TrainedNinjaC dealt 1000 dmg,Tra,1000,1000,,,,,,,,,
OldNinjaC dealt 680 dmg,Old,680,680,,,,,,,,,
OldNinjaC dealt 1000 dmg,Old,1000,1000,,,,,,,,,
cowderC dealt 210 dmg,cow,210,210,,,,,,,,,
cowboyC dealt 210 dmg,cow,210,210,,,,,,,,,
cowboyC dealt 210 dmg,cow,210,210,,,,,,,,,
cowboyC dealt 200 dmg,cow,200,200,,,,,,,,,
cowboyC dealt 200 dmg,cow,200,200,,,,,,,,,
cowboyC dealt 40 dmg,cow,40,40,,,,,,,,,
OldNinjaC dealt 720 dmg,Old,720,720,,,,,,,,,
OldNinjaC dealt 920 dmg,Old,920,920,,,,,,,,,
YoungNinjaC dealt 360 dmg,You,360,360,,,,,,,,,
OldNinjaC dealt 920 dmg,Old,920,920,,,,,,,,,
cowderC dealt 50 dmg,cow,50,50,,,,,,,,,
cowboyC dealt 300 dmg,cow,300,300,,,,,,,,,
cowboyC dealt 290 dmg,cow,290,290,,,,,,,,,
cowboyC dealt 290 dmg,cow,290,290,,,,,,,,,
cowboyC dealt 290 dmg,cow,290,290,,,,,,,,,
YoungNinjaC dealt 1280 dmg,You,1280,1280,,,,,,,,,
YoungNinjaC dealt 1000 dmg,You,1000,1000,,,,,,,,,
TrainedNinjaC dealt 880 dmg,Tra,880,880,,,,,,,,,
TrainedNinjaC dealt 480 dmg,Tra,480,480,,,,,,,,,
TrainedNinjaC dealt 1320 dmg,Tra,1320,1320,,,,,,,,,
cowderC dealt 170 dmg,cow,170,170,,,,,,,,,
cowboyC dealt 170 dmg,cow,170,170,,,,,,,,,
cowboyC dealt 170 dmg,cow,170,170,,,,,,,,,
cowboyC dealt 170 dmg,cow,170,170,,,,,,,,,
cowboyC dealt 160 dmg,cow,160,160,,,,,,,,,
cowboyC dealt 160 dmg,cow,160,160,,,,,,,,,
cowboyC dealt 160 dmg,cow,160,160,,,,,,,,,
OldNinjaC dealt 200 dmg,Old,200,200,,,,,,,,,
OldNinjaC dealt 720 dmg,Old,720,720,,,,,,,,,
TrainedNinjaC dealt 720 dmg,Tra,720,720,,,,,,,,,
cowderC dealt 290 dmg,cow,290,290,,,,,,,,,
cowboyC dealt 280 dmg,cow,280,280,,,,,,,,,
cowboyC dealt 260 dmg,cow,260,260,,,,,,,,,
cowboyC dealt 280 dmg,cow,280,280,,,,,,,,,
TrainedNinjaC dealt 920 dmg,Tra,920,920,,,,,,,,,
YoungNinjaC dealt 1280 dmg,You,1280,1280,,,,,,,,,
OldNinjaC dealt 520 dmg,Old,520,520,,,,,,,,,
TrainedNinjaC dealt 120 dmg,Tra,120,120,,,,,,,,,
OldNinjaC dealt 320 dmg,Old,320,320,,,,,,,,,
YoungNinjaC dealt 680 dmg,You,680,680,,,,,,,,,
cowderC dealt 60 dmg,cow,60,60,,,,,,,,,
YoungNinjaC dealt 640 dmg,You,640,640,,,,,,,,,
YoungNinjaC dealt 400 dmg,You,400,400,,,,,,,,,
OldNinjaC dealt 920 dmg,Old,920,920,,,,,,,,,
OldNinjaC dealt 120 dmg,Old,120,120,,,,,,,,,
TrainedNinjaC dealt 720 dmg,Tra,720,720,,,,,,,,,
YoungNinjaC dealt 800 dmg,You,800,800,,,,,,,,,
YoungNinjaC dealt 1000 dmg,You,1000,1000,,,,,,,,,
TrainedNinjaC dealt 520 dmg,Tra,520,520,,,,,,,,,
TrainedNinjaC dealt 320 dmg,Tra,320,320,,,,,,,,,
cowderC dealt 420 dmg,cow,420,420,,,,,,,,,
cowboyC dealt 20 dmg,cow,20,20,,,,,,,,,
cowboyC dealt 370 dmg,cow,370,370,,,,,,,,,
cowboyC dealt 150 dmg,cow,150,150,,,,,,,,,
TrainedNinjaC dealt 200 dmg,Tra,200,200,,,,,,,,,
YoungNinjaC dealt 1200 dmg,You,1200,1200,,,,,,,,,
TrainedNinjaC dealt 960 dmg,Tra,960,960,,,,,,,,,
TrainedNinjaC dealt 320 dmg,Tra,320,320,,,,,,,,,
OldNinjaC dealt 480 dmg,Old,480,480,,,,,,,,,
YoungNinjaC dealt 1440 dmg,You,1440,1440,,,,,,,,,
cowderC dealt 290 dmg,cow,290,290,,,,,,,,,
cowboyC dealt 290 dmg,cow,290,290,,,,,,,,,
cowboyC dealt 280 dmg,cow,280,280,,,,,,,,,
cowboyC dealt 280 dmg,cow,280,280,,,,,,,,,
TrainedNinjaC dealt 1280 dmg,Tra,1280,1280,,,,,,,,,
TrainedNinjaC dealt 520 dmg,Tra,520,520,,,,,,,,,
YoungNinjaC dealt 800 dmg,You,800,800,,,,,,,,,
TrainedNinjaC dealt 1280 dmg,Tra,1280,1280,,,,,,,,,
YoungNinjaC dealt 1280 dmg,You,1280,1280,,,,,,,,,
YoungNinjaC dealt 1280 dmg,You,1280,1280,,,,,,,,,
cowderC dealt 230 dmg,cow,230,230,,,,,,,,,
cowboyC dealt 50 dmg,cow,50,50,,,,,,,,,
cowboyC dealt 190 dmg,cow,190,190,,,,,,,,,
YoungNinjaC dealt 800 dmg,You,800,800,,,,,,,,,
TrainedNinjaC dealt 320 dmg,Tra,320,320,,,,,,,,,
YoungNinjaC dealt 80 dmg,You,80,80,,,,,,,,,
TrainedNinjaC dealt 160 dmg,Tra,160,160,,,,,,,,,
YoungNinjaC dealt 640 dmg,You,640,640,,,,,,,,,
TrainedNinjaC dealt 440 dmg,Tra,440,440,,,,,,,,,
TrainedNinjaC dealt 520 dmg,Tra,520,520,,,,,,,,,
cowderC dealt 250 dmg,cow,250,250,,,,,,,,,
cowboyC dealt 310 dmg,cow,310,310,,,,,,,,,
cowboyC dealt 390 dmg,cow,390,390,,,,,,,,,
cowboyC dealt 40 dmg,cow,40,40,,,,,,,,,
cowboyC dealt 50 dmg,cow,50,50,,,,,,,,,
cowboyC dealt 80 dmg,cow,80,80,,,,,,,,,
OldNinjaC dealt 680 dmg,Old,680,680,,,,,,,,,
OldNinjaC dealt 920 dmg,Old,920,920,,,,,,,,,
TrainedNinjaC dealt 80 dmg,Tra,80,80,,,,,,,,,
TrainedNinjaC dealt 440 dmg,Tra,440,440,,,,,,,,,
cowderC dealt 40 dmg,cow,40,40,,,,,,,,,
cowboyC dealt 200 dmg,cow,200,200,,,,,,,,,
cowboyC dealt 80 dmg,cow,80,80,,,,,,,,,
TrainedNinjaC dealt 800 dmg,Tra,800,800,,,,,,,,,
TrainedNinjaC dealt 640 dmg,Tra,640,640,,,,,,,,,
YoungNinjaC dealt 240 dmg,You,240,240,,,,,,,,,
YoungNinjaC dealt 440 dmg,You,440,440,,,,,,,,,
YoungNinjaC dealt 480 dmg,You,480,480,,,,,,,,,
YoungNinjaC dealt 720 dmg,You,720,720,,,,,,,,,
OldNinjaC dealt 120 dmg,Old,120,120,,,,,,,,,
cowderC dealt 60 dmg,cow,60,60,,,,,,,,,
cowboyC dealt 90 dmg,cow,90,90,,,,,,,,,
cowboyC dealt 380 dmg,cow,380,380,,,,,,,,,
cowboyC dealt 560 dmg,cow,560,560,,,,,,,,,
YoungNinjaC dealt 120 dmg,You,120,120,,,,,,,,,
OldNinjaC dealt 1240 dmg,Old,1240,1240,,,,,,,,,
TrainedNinjaC dealt 800 dmg,Tra,800,800,,,,,,,,,
TrainedNinjaC dealt 2320 dmg,Tra,2320,2320,,,,,,,,,
YoungNinjaC dealt 600 dmg,You,600,600,,,,,,,,,
OldNinjaC dealt 2560 dmg,Old,2560,2560,,,,,,,,,
cowderC dealt 270 dmg,cow,270,270,,,,,,,,,
cowboyC dealt 270 dmg,cow,270,270,,,,,,,,,
cowboyC dealt 130 dmg,cow,130,130,,,,,,,,,
cowboyC dealt 180 dmg,cow,180,180,,,,,,,,,
cowboyC dealt 260 dmg,cow,260,260,,,,,,,,,
OldNinjaC dealt 1200 dmg,Old,1200,1200,,,,,,,,,
TrainedNinjaC dealt 1200 dmg,Tra,1200,1200,,,,,,,,,
TrainedNinjaC dealt 200 dmg,Tra,200,200,,,,,,,,,
YoungNinjaC dealt 360 dmg,You,360,360,,,,,,,,,
YoungNinjaC dealt 80 dmg,You,80,80,,,,,,,,,
cowderC dealt 190 dmg,cow,190,190,,,,,,,,,
cowboyC dealt 190 dmg,cow,190,190,,,,,,,,,
cowboyC dealt 190 dmg,cow,190,190,,,,,,,,,
cowboyC dealt 190 dmg,cow,190,190,,,,,,,,,
cowboyC dealt 190 dmg,cow,190,190,,,,,,,,,
cowboyC dealt 180 dmg,cow,180,180,,,,,,,,,
TrainedNinjaC dealt 840 dmg,Tra,840,840,,,,,,,,,
OldNinjaC dealt 840 dmg,Old,840,840,,,,,,,,,
OldNinjaC dealt 840 dmg,Old,840,840,,,,,,,,,
OldNinjaC dealt 640 dmg,Old,640,640,,,,,,,,,
cowderC dealt 130 dmg,cow,130,130,,,,,,,,,
cowboyC dealt 340 dmg,cow,340,340,,,,,,,,,
cowboyC dealt 100 dmg,cow,100,100,,,,,,,,,
cowboyC dealt 170 dmg,cow,170,170,,,,,,,,,
cowboyC dealt 30 dmg,cow,30,30,,,,,,,,,
TrainedNinjaC dealt 1280 dmg,Tra,1280,1280,,,,,,,,,
TrainedNinjaC dealt 240 dmg,Tra,240,240,,,,,,,,,
YoungNinjaC dealt 1160 dmg,You,1160,1160,,,,,,,,,
OldNinjaC dealt 1000 dmg,Old,1000,1000,,,,,,,,,
TrainedNinjaC dealt 1440 dmg,Tra,1440,1440,,,,,,,,,
cowderC dealt 330 dmg,cow,330,330,,,,,,,,,
cowboyC dealt 100 dmg,cow,100,100,,,,,,,,,
cowboyC dealt 140 dmg,cow,140,140,,,,,,,,,
TrainedNinjaC dealt 200 dmg,Tra,200,200,,,,,,,,,
OldNinjaC dealt 360 dmg,Old,360,360,,,,,,,,,
OldNinjaC dealt 1320 dmg,Old,1320,1320,,,,,,,,,
YoungNinjaC dealt 1080 dmg,You,1080,1080,,,,,,,,,
TrainedNinjaC dealt 800 dmg,Tra,800,800,,,,,,,,,
TrainedNinjaC dealt 80 dmg,Tra,80,80,,,,,,,,,
YoungNinjaC dealt 1000 dmg,You,1000,1000,,,,,,,,,
cowderC dealt 320 dmg,cow,320,320,,,,,,,,,
cowboyC dealt 320 dmg,cow,320,320,,,,,,,,,
cowboyC dealt 150 dmg,cow,150,150,,,,,,,,,
cowboyC dealt 80 dmg,cow,80,80,,,,,,,,,
cowboyC dealt 310 dmg,cow,310,310,,,,,,,,,
TrainedNinjaC dealt 520 dmg,Tra,520,520,,,,,,,,,
OldNinjaC dealt 1040 dmg,Old,1040,1040,,,,,,,,,
YoungNinjaC dealt 1440 dmg,You,1440,1440,,,,,,,,,
OldNinjaC dealt 160 dmg,Old,160,160,,,,,,,,,
OldNinjaC dealt 1440 dmg,Old,1440,1440,,,,,,,,,
cowderC dealt 240 dmg,cow,240,240,,,,,,,,,
cowboyC dealt 240 dmg,cow,240,240,,,,,,,,,
cowboyC dealt 240 dmg,cow,240,240,,,,,,,,,
cowboyC dealt 230 dmg,cow,230,230,,,,,,,,,
cowboyC dealt 60 dmg,cow,60,60,,,,,,,,,
cowboyC dealt 230 dmg,cow,230,230,,,,,,,,,
YoungNinjaC dealt 520 dmg,You,520,520,,,,,,,,,
OldNinjaC dealt 1040 dmg,Old,1040,1040,,,,,,,,,
TrainedNinjaC dealt 1040 dmg,Tra,1040,1040,,,,,,,,,
OldNinjaC dealt 1040 dmg,Old,1040,1040,,,,,,,,,
cowderC dealt 380 dmg,cow,380,380,,,,,,,,,
cowboyC dealt 370 dmg,cow,370,370,,,,,,,,,
cowboyC dealt 370 dmg,cow,370,370,,,,,,,,,
OldNinjaC dealt 1720 dmg,Old,1720,1720,,,,,,,,,
OldNinjaC dealt 520 dmg,Old,520,520,,,,,,,,,
OldNinjaC dealt 1720 dmg,Old,1720,1720,,,,,,,,,
YoungNinjaC dealt 1720 dmg,You,1720,1720,,,,,,,,,
YoungNinjaC dealt 1000 dmg,You,1000,1000,,,,,,,,,
OldNinjaC dealt 1720 dmg,Old,1720,1720,,,,,,,,,
OldNinjaC dealt 1720 dmg,Old,1720,1720,,,,,,,,,
cowderC dealt 60 dmg,cow,60,60,,,,,,,,,
cowboyC dealt 20 dmg,cow,20,20,,,,,,,,,
cowboyC dealt 80 dmg,cow,80,80,,,,,,,,,
cowboyC dealt 120 dmg,cow,120,120,,,,,,,,,
cowboyC dealt 230 dmg,cow,230,230,,,,,,,,,
TrainedNinjaC dealt 760 dmg,Tra,760,760,,,,,,,,,
YoungNinjaC dealt 440 dmg,You,440,440,,,,,,,,,
YoungNinjaC dealt 200 dmg,You,200,200,,,,,,,,,
YoungNinjaC dealt 640 dmg,You,640,640,,,,,,,,,
TrainedNinjaC dealt 920 dmg,Tra,920,920,,,,,,,,,
cowderC dealt 220 dmg,cow,220,220,,,,,,,,,
cowboyC dealt 220 dmg,cow,220,220,,,,,,,,,
cowboyC dealt 220 dmg,cow,220,220,,,,,,,,,
cowboyC dealt 220 dmg,cow,220,220,,,,,,,,,
cowboyC dealt 210 dmg,cow,210,210,,,,,,,,,
OldNinjaC dealt 960 dmg,Old,960,960,,,,,,,,,
YoungNinjaC dealt 400 dmg,You,400,400,,,,,,,,,
YoungNinjaC dealt 640 dmg,You,640,640,,,,,,,,,
OldNinjaC dealt 960 dmg,Old,960,960,,,,,,,,,
OldNinjaC dealt 960 dmg,Old,960,960,,,,,,,,,
cowderC dealt 320 dmg,cow,320,320,,,,,,,,,
cowboyC dealt 120 dmg,cow,120,120,,,,,,,,,
cowboyC dealt 80 dmg,cow,80,80,,,,,,,,,
cowboyC dealt 40 dmg,cow,40,40,,,,,,,,,
cowboyC dealt 320 dmg,cow,320,320,,,,,,,,,
cowboyC dealt 320 dmg,cow,320,320,,,,,,,,,
OldNinjaC dealt 880 dmg,Old,880,880,,,,,,,,,
TrainedNinjaC dealt 1440 dmg,Tra,1440,1440,,,,,,,,,
OldNinjaC dealt 1440 dmg,Old,1440,1440,,,,,,,,,
YoungNinjaC dealt 1440 dmg,You,1440,1440,,,,,,,,,
cowderC dealt 40 dmg,cow,40,40,,,,,,,,,
cowboyC dealt 190 dmg,cow,190,190,,,,,,,,,
cowboyC dealt 80 dmg,cow,80,80,,,,,,,,,
cowboyC dealt 190 dmg,cow,190,190,,,,,,,,,
cowboyC dealt 190 dmg,cow,190,190,,,,,,,,,
cowboyC dealt 190 dmg,cow,190,190,,,,,,,,,
cowboyC dealt 190 dmg,cow,190,190,,,,,,,,,
cowboyC dealt 180 dmg,cow,180,180,,,,,,,,,
OldNinjaC dealt 840 dmg,Old,840,840,,,,,,,,,
OldNinjaC dealt 840 dmg,Old,840,840,,,,,,,,,
cowderC dealt 210 dmg,cow,210,210,,,,,,,,,
cowboyC dealt 210 dmg,cow,210,210,,,,,,,,,
cowboyC dealt 60 dmg,cow,60,60,,,,,,,,,
cowboyC dealt 210 dmg,cow,210,210,,,,,,,,,
cowboyC dealt 210 dmg,cow,210,210,,,,,,,,,
cowboyC dealt 200 dmg,cow,200,200,,,,,,,,,
TrainedNinjaC dealt 920 dmg,Tra,920,920,,,,,,,,,
OldNinjaC dealt 480 dmg,Old,480,480,,,,,,,,,
OldNinjaC dealt 120 dmg,Old,120,120,,,,,,,,,
TrainedNinjaC dealt 720 dmg,Tra,720,720,,,,,,,,,
cowderC dealt 60 dmg,cow,60,60,,,,,,,,,
cowboyC dealt 210 dmg,cow,210,210,,,,,,,,,
cowboyC dealt 80 dmg,cow,80,80,,,,,,,,,
OldNinjaC dealt 600 dmg,Old,600,600,,,,,,,,,
YoungNinjaC dealt 200 dmg,You,200,200,,,,,,,,,
OldNinjaC dealt 1080 dmg,Old,1080,1080,,,,,,,,,
OldNinjaC dealt 120 dmg,Old,120,120,,,,,,,,,
OldNinjaC dealt 880 dmg,Old,880,880,,,,,,,,,
OldNinjaC dealt 720 dmg,Old,720,720,,,,,,,,,
TrainedNinjaC dealt 440 dmg,Tra,440,440,,,,,,,,,
cowderC dealt 360 dmg,cow,360,360,,,,,,,,,
cowboyC dealt 50 dmg,cow,50,50,,,,,,,,,
cowboyC dealt 350 dmg,cow,350,350,,,,,,,,,
cowboyC dealt 350 dmg,cow,350,350,,,,,,,,,
cowboyC dealt 30 dmg,cow,30,30,,,,,,,,,
TrainedNinjaC dealt 360 dmg,Tra,360,360,,,,,,,,,
OldNinjaC dealt 1080 dmg,Old,1080,1080,,,,,,,,,
YoungNinjaC dealt 1320 dmg,You,1320,1320,,,,,,,,,
OldNinjaC dealt 680 dmg,Old,680,680,,,,,,,,,
YoungNinjaC dealt 720 dmg,You,720,720,,,,,,,,,
cowderC dealt 330 dmg,cow,330,330,,,,,,,,,
cowboyC dealt 400 dmg,cow,400,400,,,,,,,,,
cowboyC dealt 150 dmg,cow,150,150,,,,,,,,,
cowboyC dealt 70 dmg,cow,70,70,,,,,,,,,
cowboyC dealt 110 dmg,cow,110,110,,,,,,,,,
TrainedNinjaC dealt 880 dmg,Tra,880,880,,,,,,,,,
YoungNinjaC dealt 1280 dmg,You,1280,1280,,,,,,,,,
YoungNinjaC dealt 160 dmg,You,160,160,,,,,,,,,
YoungNinjaC dealt 1240 dmg,You,1240,1240,,,,,,,,,
TrainedNinjaC dealt 1040 dmg,Tra,1040,1040,,,,,,,,,
cowderC dealt 70 dmg,cow,70,70,,,,,,,,,
cowboyC dealt 380 dmg,cow,380,380,,,,,,,,,
cowboyC dealt 370 dmg,cow,370,370,,,,,,,,,
cowboyC dealt 370 dmg,cow,370,370,,,,,,,,,
OldNinjaC dealt 160 dmg,Old,160,160,,,,,,,,,
OldNinjaC dealt 1720 dmg,Old,1720,1720,,,,,,,,,
YoungNinjaC dealt 480 dmg,You,480,480,,,,,,,,,
TrainedNinjaC dealt 1640 dmg,Tra,1640,1640,,,,,,,,,
OldNinjaC dealt 1480 dmg,Old,1480,1480,,,,,,,,,
OldNinjaC dealt 1720 dmg,Old,1720,1720,,,,,,,,,
cowderC dealt 230 dmg,cow,230,230,,,,,,,,,
cowboyC dealt 230 dmg,cow,230,230,,,,,,,,,
cowboyC dealt 220 dmg,cow,220,220,,,,,,,,,
cowboyC dealt 220 dmg,cow,220,220,,,,,,,,,
cowboyC dealt 220 dmg,cow,220,220,,,,,,,,,
YoungNinjaC dealt 640 dmg,You,640,640,,,,,,,,,
TrainedNinjaC dealt 1000 dmg,Tra,1000,1000,,,,,,,,,
YoungNinjaC dealt 120 dmg,You,120,120,,,,,,,,,
OldNinjaC dealt 480 dmg,Old,480,480,,,,,,,,,
TrainedNinjaC dealt 1000 dmg,Tra,1000,1000,,,,,,,,,
cowderC dealt 160 dmg,cow,160,160,,,,,,,,,
cowboyC dealt 280 dmg,cow,280,280,,,,,,,,,
cowboyC dealt 240 dmg,cow,240,240,,,,,,,,,
cowboyC dealt 60 dmg,cow,60,60,,,,,,,,,
cowboyC dealt 20 dmg,cow,20,20,,,,,,,,,
YoungNinjaC dealt 600 dmg,You,600,600,,,,,,,,,
OldNinjaC dealt 400 dmg,Old,400,400,,,,,,,,,
OldNinjaC dealt 960 dmg,Old,960,960,,,,,,,,,
YoungNinjaC dealt 440 dmg,You,440,440,,,,,,,,,
YoungNinjaC dealt 160 dmg,You,160,160,,,,,,,,,
cowderC dealt 240 dmg,cow,240,240,,,,,,,,,
cowboyC dealt 220 dmg,cow,220,220,,,,,,,,,
cowboyC dealt 120 dmg,cow,120,120,,,,,,,,,
cowboyC dealt 30 dmg,cow,30,30,,,,,,,,,
YoungNinjaC dealt 640 dmg,You,640,640,,,,,,,,,
OldNinjaC dealt 920 dmg,Old,920,920,,,,,,,,,
TrainedNinjaC dealt 200 dmg,Tra,200,200,,,,,,,,,
TrainedNinjaC dealt 440 dmg,Tra,440,440,,,,,,,,,
OldNinjaC dealt 760 dmg,Old,760,760,,,,,,,,,
TrainedNinjaC dealt 320 dmg,Tra,320,320,,,,,,,,,
cowderC dealt 70 dmg,cow,70,70,,,,,,,,,
cowboyC dealt 20 dmg,cow,20,20,,,,,,,,,
cowboyC dealt 200 dmg,cow,200,200,,,,,,,,,
cowboyC dealt 50 dmg,cow,50,50,,,,,,,,,
cowboyC dealt 170 dmg,cow,170,170,,,,,,,,,
TrainedNinjaC dealt 160 dmg,Tra,160,160,,,,,,,,,
TrainedNinjaC dealt 680 dmg,Tra,680,680,,,,,,,,,
TrainedNinjaC dealt 400 dmg,Tra,400,400,,,,,,,,,
OldNinjaC dealt 480 dmg,Old,480,480,,,,,,,,,
TrainedNinjaC dealt 600 dmg,Tra,600,600,,,,,,,,,
cowderC dealt 210 dmg,cow,210,210,,,,,,,,,
cowboyC dealt 210 dmg,cow,210,210,,,,,,,,,
cowboyC dealt 40 dmg,cow,40,40,,,,,,,,,
cowboyC dealt 80 dmg,cow,80,80,,,,,,,,,
cowboyC dealt 210 dmg,cow,210,210,,,,,,,,,
cowboyC dealt 210 dmg,cow,210,210,,,,,,,,,
cowboyC dealt 210 dmg,cow,210,210,,,,,,,,,
OldNinjaC dealt 920 dmg,Old,920,920,,,,,,,,,
YoungNinjaC dealt 920 dmg,You,920,920,,,,,,,,,
OldNinjaC dealt 680 dmg,Old,680,680,,,,,,,,,
cowderC dealt 140 dmg,cow,140,140,,,,,,,,,
cowboyC dealt 80 dmg,cow,80,80,,,,,,,,,
cowboyC dealt 350 dmg,cow,350,350,,,,,,,,,
cowboyC dealt 300 dmg,cow,300,300,,,,,,,,,
YoungNinjaC dealt 200 dmg,You,200,200,,,,,,,,,
TrainedNinjaC dealt 960 dmg,Tra,960,960,,,,,,,,,
TrainedNinjaC dealt 1280 dmg,Tra,1280,1280,,,,,,,,,
TrainedNinjaC dealt 120 dmg,Tra,120,120,,,,,,,,,
OldNinjaC dealt 800 dmg,Old,800,800,,,,,,,,,
TrainedNinjaC dealt 600 dmg,Tra,600,600,,,,,,,,,
cowderC dealt 360 dmg,cow,360,360,,,,,,,,,
cowboyC dealt 360 dmg,cow,360,360,,,,,,,,,
cowboyC dealt 350 dmg,cow,350,350,,,,,,,,,
cowboyC dealt 70 dmg,cow,70,70,,,,,,,,,
OldNinjaC dealt 920 dmg,Old,920,920,,,,,,,,,
OldNinjaC dealt 520 dmg,Old,520,520,,,,,,,,,
TrainedNinjaC dealt 1600 dmg,Tra,1600,1600,,,,,,,,,
YoungNinjaC dealt 1600 dmg,You,1600,1600,,,,,,,,,
YoungNinjaC dealt 120 dmg,You,120,120,,,,,,,,,
TrainedNinjaC dealt 1600 dmg,Tra,1600,1600,,,,,,,,,
cowderC dealt 290 dmg,cow,290,290,,,,,,,,,
cowboyC dealt 290 dmg,cow,290,290,,,,,,,,,
cowboyC dealt 60 dmg,cow,60,60,,,,,,,,,
cowboyC dealt 290 dmg,cow,290,290,,,,,,,,,
cowboyC dealt 280 dmg,cow,280,280,,,,,,,,,
YoungNinjaC dealt 1280 dmg,You,1280,1280,,,,,,,,,
TrainedNinjaC dealt 1280 dmg,Tra,1280,1280,,,,,,,,,
YoungNinjaC dealt 1280 dmg,You,1280,1280,,,,,,,,,
TrainedNinjaC dealt 1280 dmg,Tra,1280,1280,,,,,,,,,
TrainedNinjaC dealt 1280 dmg,Tra,1280,1280,,,,,,,,,
cowderC dealt 430 dmg,cow,430,430,,,,,,,,,
cowboyC dealt 110 dmg,cow,110,110,,,,,,,,,
cowboyC dealt 420 dmg,cow,420,420,,,,,,,,,
cowboyC dealt 240 dmg,cow,240,240,,,,,,,,,
OldNinjaC dealt 1800 dmg,Old,1800,1800,,,,,,,,,
TrainedNinjaC dealt 320 dmg,Tra,320,320,,,,,,,,,
YoungNinjaC dealt 920 dmg,You,920,920,,,,,,,,,
OldNinjaC dealt 160 dmg,Old,160,160,,,,,,,,,
YoungNinjaC dealt 640 dmg,You,640,640,,,,,,,,,
TrainedNinjaC dealt 1360 dmg,Tra,1360,1360,,,,,,,,,
cowderC dealt 80 dmg,cow,80,80,,,,,,,,,
cowboyC dealt 220 dmg,cow,220,220,,,,,,,,,
TrainedNinjaC dealt 160 dmg,Tra,160,160,,,,,,,,,
OldNinjaC dealt 800 dmg,Old,800,800,,,,,,,,,
OldNinjaC dealt 600 dmg,Old,600,600,,,,,,,,,
TrainedNinjaC dealt 240 dmg,Tra,240,240,,,,,,,,,
OldNinjaC dealt 680 dmg,Old,680,680,,,,,,,,,
TrainedNinjaC dealt 80 dmg,Tra,80,80,,,,,,,,,
TrainedNinjaC dealt 440 dmg,Tra,440,440,,,,,,,,,
TrainedNinjaC dealt 920 dmg,Tra,920,920,,,,,,,,,
cowderC dealt 450 dmg,cow,450,450,,,,,,,,,
cowboyC dealt 520 dmg,cow,520,520,,,,,,,,,
cowboyC dealt 40 dmg,cow,40,40,,,,,,,,,
OldNinjaC dealt 1800 dmg,Old,1800,1800,,,,,,,,,
TrainedNinjaC dealt 760 dmg,Tra,760,760,,,,,,,,,
OldNinjaC dealt 400 dmg,Old,400,400,,,,,,,,,
YoungNinjaC dealt 1200 dmg,You,1200,1200,,,,,,,,,
YoungNinjaC dealt 960 dmg,You,960,960,,,,,,,,,
TrainedNinjaC dealt 600 dmg,Tra,600,600,,,,,,,,,
TrainedNinjaC dealt 1480 dmg,Tra,1480,1480,,,,,,,,,
cowderC dealt 160 dmg,cow,160,160,,,,,,,,,
cowboyC dealt 120 dmg,cow,120,120,,,,,,,,,
cowboyC dealt 30 dmg,cow,30,30,,,,,,,,,
cowboyC dealt 230 dmg,cow,230,230,,,,,,,,,
cowboyC dealt 200 dmg,cow,200,200,,,,,,,,,
cowboyC dealt 90 dmg,cow,90,90,,,,,,,,,
YoungNinjaC dealt 360 dmg,You,360,360,,,,,,,,,
OldNinjaC dealt 1760 dmg,Old,1760,1760,,,,,,,,,
TrainedNinjaC dealt 1320 dmg,Tra,1320,1320,,,,,,,,,
YoungNinjaC dealt 1400 dmg,You,1400,1400,,,,,,,,,
cowderC dealt 200 dmg,cow,200,200,,,,,,,,,
cowboyC dealt 110 dmg,cow,110,110,,,,,,,,,
cowboyC dealt 20 dmg,cow,20,20,,,,,,,,,
cowboyC dealt 180 dmg,cow,180,180,,,,,,,,,
TrainedNinjaC dealt 1000 dmg,Tra,1000,1000,,,,,,,,,
TrainedNinjaC dealt 240 dmg,Tra,240,240,,,,,,,,,
OldNinjaC dealt 400 dmg,Old,400,400,,,,,,,,,
OldNinjaC dealt 400 dmg,Old,400,400,,,,,,,,,
OldNinjaC dealt 800 dmg,Old,800,800,,,,,,,,,
YoungNinjaC dealt 600 dmg,You,600,600,,,,,,,,,
cowderC dealt 400 dmg,cow,400,400,,,,,,,,,
cowboyC dealt 350 dmg,cow,350,350,,,,,,,,,
YoungNinjaC dealt 1320 dmg,You,1320,1320,,,,,,,,,
YoungNinjaC dealt 880 dmg,You,880,880,,,,,,,,,
TrainedNinjaC dealt 200 dmg,Tra,200,200,,,,,,,,,
YoungNinjaC dealt 1160 dmg,You,1160,1160,,,,,,,,,
YoungNinjaC dealt 680 dmg,You,680,680,,,,,,,,,
YoungNinjaC dealt 360 dmg,You,360,360,,,,,,,,,
OldNinjaC dealt 520 dmg,Old,520,520,,,,,,,,,
TrainedNinjaC dealt 120 dmg,Tra,120,120,,,,,,,,,
cowderC dealt 260 dmg,cow,260,260,,,,,,,,,
cowboyC dealt 260 dmg,cow,260,260,,,,,,,,,
cowboyC dealt 250 dmg,cow,250,250,,,,,,,,,
cowboyC dealt 250 dmg,cow,250,250,,,,,,,,,
cowboyC dealt 250 dmg,cow,250,250,,,,,,,,,
YoungNinjaC dealt 1160 dmg,You,1160,1160,,,,,,,,,
OldNinjaC dealt 1160 dmg,Old,1160,1160,,,,,,,,,
TrainedNinjaC dealt 1160 dmg,Tra,1160,1160,,,,,,,,,
OldNinjaC dealt 1160 dmg,Old,1160,1160,,,,,,,,,
TrainedNinjaC dealt 1160 dmg,Tra,1160,1160,,,,,,,,,
cowderC dealt 30 dmg,cow,30,30,,,,,,,,,
cowboyC dealt 340 dmg,cow,340,340,,,,,,,,,
cowboyC dealt 300 dmg,cow,300,300,,,,,,,,,
cowboyC dealt 120 dmg,cow,120,120,,,,,,,,,
TrainedNinjaC dealt 400 dmg,Tra,400,400,,,,,,,,,
TrainedNinjaC dealt 240 dmg,Tra,240,240,,,,,,,,,
TrainedNinjaC dealt 800 dmg,Tra,800,800,,,,,,,,,
TrainedNinjaC dealt 680 dmg,Tra,680,680,,,,,,,,,
YoungNinjaC dealt 1080 dmg,You,1080,1080,,,,,,,,,
OldNinjaC dealt 1240 dmg,Old,1240,1240,,,,,,,,,
cowderC dealt 130 dmg,cow,130,130,,,,,,,,,
cowboyC dealt 380 dmg,cow,380,380,,,,,,,,,
cowboyC dealt 370 dmg,cow,370,370,,,,,,,,,
cowboyC dealt 370 dmg,cow,370,370,,,,,,,,,
YoungNinjaC dealt 920 dmg,You,920,920,,,,,,,,,
TrainedNinjaC dealt 160 dmg,Tra,160,160,,,,,,,,,
YoungNinjaC dealt 1080 dmg,You,1080,1080,,,,,,,,,
YoungNinjaC dealt 720 dmg,You,720,720,,,,,,,,,
OldNinjaC dealt 400 dmg,Old,400,400,,,,,,,,,
OldNinjaC dealt 1480 dmg,Old,1480,1480,,,,,,,,,
cowderC dealt 110 dmg,cow,110,110,,,,,,,,,
cowboyC dealt 80 dmg,cow,80,80,,,,,,,,,
cowboyC dealt 200 dmg,cow,200,200,,,,,,,,,
cowboyC dealt 200 dmg,cow,200,200,,,,,,,,,
cowboyC dealt 200 dmg,cow,200,200,,,,,,,,,
cowboyC dealt 200 dmg,cow,200,200,,,,,,,,,
cowboyC dealt 190 dmg,cow,190,190,,,,,,,,,
YoungNinjaC dealt 880 dmg,You,880,880,,,,,,,,,
TrainedNinjaC dealt 880 dmg,Tra,880,880,,,,,,,,,
OldNinjaC dealt 880 dmg,Old,880,880,,,,,,,,,
cowderC dealt 180 dmg,cow,180,180,,,,,,,,,
cowboyC dealt 210 dmg,cow,210,210,,,,,,,,,
cowboyC dealt 30 dmg,cow,30,30,,,,,,,,,
YoungNinjaC dealt 680 dmg,You,680,680,,,,,,,,,
OldNinjaC dealt 320 dmg,Old,320,320,,,,,,,,,
TrainedNinjaC dealt 600 dmg,Tra,600,600,,,,,,,,,
TrainedNinjaC dealt 480 dmg,Tra,480,480,,,,,,,,,
OldNinjaC dealt 1280 dmg,Old,1280,1280,,,,,,,,,
OldNinjaC dealt 1280 dmg,Old,1280,1280,,,,,,,,,
OldNinjaC dealt 1480 dmg,Old,1480,1480,,,,,,,,,
cowderC dealt 80 dmg,cow,80,80,,,,,,,,,
cowboyC dealt 290 dmg,cow,290,290,,,,,,,,,
cowboyC dealt 40 dmg,cow,40,40,,,,,,,,,
cowboyC dealt 290 dmg,cow,290,290,,,,,,,,,
cowboyC dealt 280 dmg,cow,280,280,,,,,,,,,
cowboyC dealt 280 dmg,cow,280,280,,,,,,,,,
YoungNinjaC dealt 1280 dmg,You,1280,1280,,,,,,,,,
YoungNinjaC dealt 880 dmg,You,880,880,,,,,,,,,
OldNinjaC dealt 1280 dmg,Old,1280,1280,,,,,,,,,
OldNinjaC dealt 1280 dmg,Old,1280,1280,,,,,,,,,
cowderC dealt 170 dmg,cow,170,170,,,,,,,,,
cowboyC dealt 60 dmg,cow,60,60,,,,,,,,,
cowboyC dealt 170 dmg,cow,170,170,,,,,,,,,
cowboyC dealt 170 dmg,cow,170,170,,,,,,,,,
cowboyC dealt 170 dmg,cow,170,170,,,,,,,,,
cowboyC dealt 40 dmg,cow,40,40,,,,,,,,,
cowboyC dealt 170 dmg,cow,170,170,,,,,,,,,
cowboyC dealt 20 dmg,cow,20,20,,,,,,,,,
cowboyC dealt 170 dmg,cow,170,170,,,,,,,,,
OldNinjaC dealt 720 dmg,Old,720,720,,,,,,,,,
cowderC dealt 30 dmg,cow,30,30,,,,,,,,,
cowboyC dealt 160 dmg,cow,160,160,,,,,,,,,
cowboyC dealt 130 dmg,cow,130,130,,,,,,,,,
cowboyC dealt 210 dmg,cow,210,210,,,,,,,,,
TrainedNinjaC dealt 1000 dmg,Tra,1000,1000,,,,,,,,,
YoungNinjaC dealt 360 dmg,You,360,360,,,,,,,,,
YoungNinjaC dealt 1160 dmg,You,1160,1160,,,,,,,,,
TrainedNinjaC dealt 200 dmg,Tra,200,200,,,,,,,,,
TrainedNinjaC dealt 1280 dmg,Tra,1280,1280,,,,,,,,,
OldNinjaC dealt 440 dmg,Old,440,440,,,,,,,,,
cowderC dealt 290 dmg,cow,290,290,,,,,,,,,
cowboyC dealt 80 dmg,cow,80,80,,,,,,,,,
cowboyC dealt 280 dmg,cow,280,280,,,,,,,,,
cowboyC dealt 210 dmg,cow,210,210,,,,,,,,,
cowboyC dealt 280 dmg,cow,280,280,,,,,,,,,
YoungNinjaC dealt 120 dmg,You,120,120,,,,,,,,,
OldNinjaC dealt 200 dmg,Old,200,200,,,,,,,,,
YoungNinjaC dealt 480 dmg,You,480,480,,,,,,,,,
YoungNinjaC dealt 680 dmg,You,680,680,,,,,,,,,
YoungNinjaC dealt 800 dmg,You,800,800,,,,,,,,,
cowderC dealt 90 dmg,cow,90,90,,,,,,,,,
cowboyC dealt 70 dmg,cow,70,70,,,,,,,,,
cowboyC dealt 30 dmg,cow,30,30,,,,,,,,,
TrainedNinjaC dealt 480 dmg,Tra,480,480,,,,,,,,,
OldNinjaC dealt 880 dmg,Old,880,880,,,,,,,,,
YoungNinjaC dealt 600 dmg,You,600,600,,,,,,,,,
OldNinjaC dealt 680 dmg,Old,680,680,,,,,,,,,
YoungNinjaC dealt 760 dmg,You,760,760,,,,,,,,,
YoungNinjaC dealt 80 dmg,You,80,80,,,,,,,,,
TrainedNinjaC dealt 200 dmg,Tra,200,200,,,,,,,,,
cowderC dealt 320 dmg,cow,320,320,,,,,,,,,
cowboyC dealt 220 dmg,cow,220,220,,,,,,,,,
cowboyC dealt 320 dmg,cow,320,320,,,,,,,,,
cowboyC dealt 320 dmg,cow,320,320,,,,,,,,,
OldNinjaC dealt 200 dmg,Old,200,200,,,,,,,,,
YoungNinjaC dealt 480 dmg,You,480,480,,,,,,,,,
YoungNinjaC dealt 1440 dmg,You,1440,1440,,,,,,,,,
YoungNinjaC dealt 1440 dmg,You,1440,1440,,,,,,,,,
OldNinjaC dealt 1440 dmg,Old,1440,1440,,,,,,,,,
TrainedNinjaC dealt 1440 dmg,Tra,1440,1440,,,,,,,,,
cowderC dealt 360 dmg,cow,360,360,,,,,,,,,
cowboyC dealt 260 dmg,cow,260,260,,,,,,,,,
cowboyC dealt 350 dmg,cow,350,350,,,,,,,,,
cowboyC dealt 70 dmg,cow,70,70,,,,,,,,,
cowboyC dealt 100 dmg,cow,100,100,,,,,,,,,
YoungNinjaC dealt 1600 dmg,You,1600,1600,,,,,,,,,
OldNinjaC dealt 720 dmg,Old,720,720,,,,,,,,,
OldNinjaC dealt 1600 dmg,Old,1600,1600,,,,,,,,,
YoungNinjaC dealt 80 dmg,You,80,80,,,,,,,,,
OldNinjaC dealt 200 dmg,Old,200,200,,,,,,,,,
cowderC dealt 180 dmg,cow,180,180,,,,,,,,,
cowboyC dealt 180 dmg,cow,180,180,,,,,,,,,
cowboyC dealt 180 dmg,cow,180,180,,,,,,,,,
cowboyC dealt 170 dmg,cow,170,170,,,,,,,,,
cowboyC dealt 170 dmg,cow,170,170,,,,,,,,,
cowboyC dealt 40 dmg,cow,40,40,,,,,,,,,
cowboyC dealt 170 dmg,cow,170,170,,,,,,,,,
TrainedNinjaC dealt 440 dmg,Tra,440,440,,,,,,,,,
OldNinjaC dealt 760 dmg,Old,760,760,,,,,,,,,
OldNinjaC dealt 760 dmg,Old,760,760,,,,,,,,,
cowderC dealt 160 dmg,cow,160,160,,,,,,,,,
cowboyC dealt 210 dmg,cow,210,210,,,,,,,,,
cowboyC dealt 90 dmg,cow,90,90,,,,,,,,,
cowboyC dealt 470 dmg,cow,470,470,,,,,,,,,
OldNinjaC dealt 1600 dmg,Old,1600,1600,,,,,,,,,
TrainedNinjaC dealt 520 dmg,Tra,520,520,,,,,,,,,
YoungNinjaC dealt 1840 dmg,You,1840,1840,,,,,,,,,
TrainedNinjaC dealt 1240 dmg,Tra,1240,1240,,,,,,,,,
TrainedNinjaC dealt 240 dmg,Tra,240,240,,,,,,,,,
YoungNinjaC dealt 120 dmg,You,120,120,,,,,,,,,
cowderC dealt 500 dmg,cow,500,500,,,,,,,,,
cowboyC dealt 290 dmg,cow,290,290,,,,,,,,,
cowboyC dealt 50 dmg,cow,50,50,,,,,,,,,
cowboyC dealt 130 dmg,cow,130,130,,,,,,,,,
cowboyC dealt 90 dmg,cow,90,90,,,,,,,,,
cowboyC dealt 20 dmg,cow,20,20,,,,,,,,,
OldNinjaC dealt 720 dmg,Old,720,720,,,,,,,,,
OldNinjaC dealt 2040 dmg,Old,2040,2040,,,,,,,,,
OldNinjaC dealt 1720 dmg,Old,1720,1720,,,,,,,,,
OldNinjaC dealt 1080 dmg,Old,1080,1080,,,,,,,,,
cowderC dealt 200 dmg,cow,200,200,,,,,,,,,
cowboyC dealt 200 dmg,cow,200,200,,,,,,,,,
cowboyC dealt 200 dmg,cow,200,200,,,,,,,,,
cowboyC dealt 200 dmg,cow,200,200,,,,,,,,,
cowboyC dealt 190 dmg,cow,190,190,,,,,,,,,
cowboyC dealt 190 dmg,cow,190,190,,,,,,,,,
YoungNinjaC dealt 880 dmg,You,880,880,,,,,,,,,
OldNinjaC dealt 880 dmg,Old,880,880,,,,,,,,,
TrainedNinjaC dealt 880 dmg,Tra,880,880,,,,,,,,,
TrainedNinjaC dealt 880 dmg,Tra,880,880,,,,,,,,,
cowderC dealt 200 dmg,cow,200,200,,,,,,,,,
cowboyC dealt 50 dmg,cow,50,50,,,,,,,,,
cowboyC dealt 180 dmg,cow,180,180,,,,,,,,,
cowboyC dealt 210 dmg,cow,210,210,,,,,,,,,
cowboyC dealt 30 dmg,cow,30,30,,,,,,,,,
cowboyC dealt 150 dmg,cow,150,150,,,,,,,,,
YoungNinjaC dealt 320 dmg,You,320,320,,,,,,,,,
YoungNinjaC dealt 600 dmg,You,600,600,,,,,,,,,
YoungNinjaC dealt 480 dmg,You,480,480,,,,,,,,,
YoungNinjaC dealt 360 dmg,You,360,360,,,,,,,,,
cowderC dealt 390 dmg,cow,390,390,,,,,,,,,
cowboyC dealt 390 dmg,cow,390,390,,,,,,,,,
cowboyC dealt 60 dmg,cow,60,60,,,,,,,,,
cowboyC dealt 390 dmg,cow,390,390,,,,,,,,,
YoungNinjaC dealt 680 dmg,You,680,680,,,,,,,,,
OldNinjaC dealt 1600 dmg,Old,1600,1600,,,,,,,,,
OldNinjaC dealt 1240 dmg,Old,1240,1240,,,,,,,,,
YoungNinjaC dealt 920 dmg,You,920,920,,,,,,,,,
TrainedNinjaC dealt 200 dmg,Tra,200,200,,,,,,,,,
OldNinjaC dealt 480 dmg,Old,480,480,,,,,,,,,
cowderC dealt 30 dmg,cow,30,30,,,,,,,,,
cowboyC dealt 360 dmg,cow,360,360,,,,,,,,,
cowboyC dealt 360 dmg,cow,360,360,,,,,,,,,
cowboyC dealt 360 dmg,cow,360,360,,,,,,,,,
TrainedNinjaC dealt 320 dmg,Tra,320,320,,,,,,,,,
YoungNinjaC dealt 1560 dmg,You,1560,1560,,,,,,,,,
TrainedNinjaC dealt 1600 dmg,Tra,1600,1600,,,,,,,,,
YoungNinjaC dealt 480 dmg,You,480,480,,,,,,,,,
YoungNinjaC dealt 960 dmg,You,960,960,,,,,,,,,
OldNinjaC dealt 720 dmg,Old,720,720,,,,,,,,,
cowderC dealt 410 dmg,cow,410,410,,,,,,,,,
cowboyC dealt 180 dmg,cow,180,180,,,,,,,,,
OldNinjaC dealt 440 dmg,Old,440,440,,,,,,,,,
TrainedNinjaC dealt 1000 dmg,Tra,1000,1000,,,,,,,,,
YoungNinjaC dealt 1560 dmg,You,1560,1560,,,,,,,,,
TrainedNinjaC dealt 160 dmg,Tra,160,160,,,,,,,,,
OldNinjaC dealt 1440 dmg,Old,1440,1440,,,,,,,,,
TrainedNinjaC dealt 1200 dmg,Tra,1200,1200,,,,,,,,,
OldNinjaC dealt 1720 dmg,Old,1720,1720,,,,,,,,,
OldNinjaC dealt 760 dmg,Old,760,760,,,,,,,,,
cowderC dealt 190 dmg,cow,190,190,,,,,,,,,
cowboyC dealt 190 dmg,cow,190,190,,,,,,,,,
cowboyC dealt 30 dmg,cow,30,30,,,,,,,,,
cowboyC dealt 190 dmg,cow,190,190,,,,,,,,,
cowboyC dealt 190 dmg,cow,190,190,,,,,,,,,
cowboyC dealt 190 dmg,cow,190,190,,,,,,,,,
cowboyC dealt 190 dmg,cow,190,190,,,,,,,,,
YoungNinjaC dealt 840 dmg,You,840,840,,,,,,,,,
OldNinjaC dealt 320 dmg,Old,320,320,,,,,,,,,
TrainedNinjaC dealt 840 dmg,Tra,840,840,,,,,,,,,
cowderC dealt 180 dmg,cow,180,180,,,,,,,,,
cowboyC dealt 180 dmg,cow,180,180,,,,,,,,,
cowboyC dealt 180 dmg,cow,180,180,,,,,,,,,
cowboyC dealt 180 dmg,cow,180,180,,,,,,,,,
cowboyC dealt 170 dmg,cow,170,170,,,,,,,,,
cowboyC dealt 170 dmg,cow,170,170,,,,,,,,,
cowboyC dealt 170 dmg,cow,170,170,,,,,,,,,
TrainedNinjaC dealt 760 dmg,Tra,760,760,,,,,,,,,
OldNinjaC dealt 760 dmg,Old,760,760,,,,,,,,,
YoungNinjaC dealt 760 dmg,You,760,760,,,,,,,,,
cowderC dealt 150 dmg,cow,150,150,,,,,,,,,
cowboyC dealt 100 dmg,cow,100,100,,,,,,,,,
cowboyC dealt 270 dmg,cow,270,270,,,,,,,,,
OldNinjaC dealt 1080 dmg,Old,1080,1080,,,,,,,,,
YoungNinjaC dealt 200 dmg,You,200,200,,,,,,,,,
OldNinjaC dealt 920 dmg,Old,920,920,,,,,,,,,
OldNinjaC dealt 120 dmg,Old,120,120,,,,,,,,,
TrainedNinjaC dealt 600 dmg,Tra,600,600,,,,,,,,,
YoungNinjaC dealt 760 dmg,You,760,760,,,,,,,,,
OldNinjaC dealt 600 dmg,Old,600,600,,,,,,,,,
cowderC dealt 330 dmg,cow,330,330,,,,,,,,,
cowboyC dealt 180 dmg,cow,180,180,,,,,,,,,
cowboyC dealt 330 dmg,cow,330,330,,,,,,,,,
cowboyC dealt 30 dmg,cow,30,30,,,,,,,,,
cowboyC dealt 330 dmg,cow,330,330,,,,,,,,,
TrainedNinjaC dealt 440 dmg,Tra,440,440,,,,,,,,,
TrainedNinjaC dealt 240 dmg,Tra,240,240,,,,,,,,,
OldNinjaC dealt 1480 dmg,Old,1480,1480,,,,,,,,,
YoungNinjaC dealt 640 dmg,You,640,640,,,,,,,,,
YoungNinjaC dealt 1040 dmg,You,1040,1040,,,,,,,,,
cowderC dealt 130 dmg,cow,130,130,,,,,,,,,
cowboyC dealt 290 dmg,cow,290,290,,,,,,,,,
cowboyC dealt 220 dmg,cow,220,220,,,,,,,,,
cowboyC dealt 100 dmg,cow,100,100,,,,,,,,,
OldNinjaC dealt 1560 dmg,Old,1560,1560,,,,,,,,,
YoungNinjaC dealt 320 dmg,You,320,320,,,,,,,,,
OldNinjaC dealt 800 dmg,Old,800,800,,,,,,,,,
YoungNinjaC dealt 160 dmg,You,160,160,,,,,,,,,
YoungNinjaC dealt 1240 dmg,You,1240,1240,,,,,,,,,
TrainedNinjaC dealt 80 dmg,Tra,80,80,,,,,,,,,
cowderC dealt 70 dmg,cow,70,70,,,,,,,,,
cowboyC dealt 480 dmg,cow,480,480,,,,,,,,,
TrainedNinjaC dealt 880 dmg,Tra,880,880,,,,,,,,,
OldNinjaC dealt 1360 dmg,Old,1360,1360,,,,,,,,,
YoungNinjaC dealt 680 dmg,You,680,680,,,,,,,,,
OldNinjaC dealt 2000 dmg,Old,2000,2000,,,,,,,,,
OldNinjaC dealt 1080 dmg,Old,1080,1080,,,,,,,,,
OldNinjaC dealt 160 dmg,Old,160,160,,,,,,,,,
TrainedNinjaC dealt 480 dmg,Tra,480,480,,,,,,,,,
YoungNinjaC dealt 1600 dmg,You,1600,1600,,,,,,,,,
cowderC dealt 460 dmg,cow,460,460,,,,,,,,,
cowboyC dealt 460 dmg,cow,460,460,,,,,,,,,
cowboyC dealt 230 dmg,cow,230,230,,,,,,,,,
TrainedNinjaC dealt 2040 dmg,Tra,2040,2040,,,,,,,,,
OldNinjaC dealt 1440 dmg,Old,1440,1440,,,,,,,,,
OldNinjaC dealt 360 dmg,Old,360,360,,,,,,,,,
OldNinjaC dealt 400 dmg,Old,400,400,,,,,,,,,
YoungNinjaC dealt 920 dmg,You,920,920,,,,,,,,,
OldNinjaC dealt 720 dmg,Old,720,720,,,,,,,,,
OldNinjaC dealt 1880 dmg,Old,1880,1880,,,,,,,,,
cowderC dealt 50 dmg,cow,50,50,,,,,,,,,
cowboyC dealt 150 dmg,cow,150,150,,,,,,,,,
cowboyC dealt 300 dmg,cow,300,300,,,,,,,,,
cowboyC dealt 30 dmg,cow,30,30,,,,,,,,,
cowboyC dealt 80 dmg,cow,80,80,,,,,,,,,
TrainedNinjaC dealt 800 dmg,Tra,800,800,,,,,,,,,
TrainedNinjaC dealt 1240 dmg,Tra,1240,1240,,,,,,,,,
OldNinjaC dealt 520 dmg,Old,520,520,,,,,,,,,
YoungNinjaC dealt 1080 dmg,You,1080,1080,,,,,,,,,
OldNinjaC dealt 960 dmg,Old,960,960,,,,,,,,,
cowderC dealt 210 dmg,cow,210,210,,,,,,,,,
cowboyC dealt 60 dmg,cow,60,60,,,,,,,,,
cowboyC dealt 40 dmg,cow,40,40,,,,,,,,,
cowboyC dealt 190 dmg,cow,190,190,,,,,,,,,
OldNinjaC dealt 760 dmg,Old,760,760,,,,,,,,,
YoungNinjaC dealt 360 dmg,You,360,360,,,,,,,,,
OldNinjaC dealt 640 dmg,Old,640,640,,,,,,,,,
TrainedNinjaC dealt 520 dmg,Tra,520,520,,,,,,,,,
OldNinjaC dealt 120 dmg,Old,120,120,,,,,,,,,
TrainedNinjaC dealt 480 dmg,Tra,480,480,,,,,,,,,
cowderC dealt 290 dmg,cow,290,290,,,,,,,,,
cowboyC dealt 190 dmg,cow,190,190,,,,,,,,,
cowboyC dealt 80 dmg,cow,80,80,,,,,,,,,
OldNinjaC dealt 1040 dmg,Old,1040,1040,,,,,,,,,
TrainedNinjaC dealt 120 dmg,Tra,120,120,,,,,,,,,
TrainedNinjaC dealt 1200 dmg,Tra,1200,1200,,,,,,,,,
YoungNinjaC dealt 720 dmg,You,720,720,,,,,,,,,
TrainedNinjaC dealt 640 dmg,Tra,640,640,,,,,,,,,
YoungNinjaC dealt 480 dmg,You,480,480,,,,,,,,,
TrainedNinjaC dealt 240 dmg,Tra,240,240,,,,,,,,,
cowderC dealt 280 dmg,cow,280,280,,,,,,,,,
cowboyC dealt 280 dmg,cow,280,280,,,,,,,,,
cowboyC dealt 280 dmg,cow,280,280,,,,,,,,,
cowboyC dealt 270 dmg,cow,270,270,,,,,,,,,
cowboyC dealt 40 dmg,cow,40,40,,,,,,,,,
OldNinjaC dealt 1240 dmg,Old,1240,1240,,,,,,,,,
TrainedNinjaC dealt 1240 dmg,Tra,1240,1240,,,,,,,,,
TrainedNinjaC dealt 800 dmg,Tra,800,800,,,,,,,,,
YoungNinjaC dealt 680 dmg,You,680,680,,,,,,,,,
YoungNinjaC dealt 1240 dmg,You,1240,1240,,,,,,,,,
cowderC dealt 250 dmg,cow,250,250,,,,,,,,,
cowboyC dealt 240 dmg,cow,240,240,,,,,,,,,
cowboyC dealt 20 dmg,cow,20,20,,,,,,,,,
cowboyC dealt 240 dmg,cow,240,240,,,,,,,,,
cowboyC dealt 240 dmg,cow,240,240,,,,,,,,,
cowboyC dealt 170 dmg,cow,170,170,,,,,,,,,
OldNinjaC dealt 440 dmg,Old,440,440,,,,,,,,,
OldNinjaC dealt 160 dmg,Old,160,160,,,,,,,,,
OldNinjaC dealt 1120 dmg,Old,1120,1120,,,,,,,,,
OldNinjaC dealt 320 dmg,Old,320,320,,,,,,,,,
cowderC dealt 260 dmg,cow,260,260,,,,,,,,,
cowboyC dealt 40 dmg,cow,40,40,,,,,,,,,
cowboyC dealt 230 dmg,cow,230,230,,,,,,,,,
cowboyC dealt 20 dmg,cow,20,20,,,,,,,,,
cowboyC dealt 60 dmg,cow,60,60,,,,,,,,,
TrainedNinjaC dealt 760 dmg,Tra,760,760,,,,,,,,,
OldNinjaC dealt 640 dmg,Old,640,640,,,,,,,,,
YoungNinjaC dealt 360 dmg,You,360,360,,,,,,,,,
YoungNinjaC dealt 920 dmg,You,920,920,,,,,,,,,
OldNinjaC dealt 480 dmg,Old,480,480,,,,,,,,,
cowderC dealt 210 dmg,cow,210,210,,,,,,,,,
cowboyC dealt 230 dmg,cow,230,230,,,,,,,,,
YoungNinjaC dealt 600 dmg,You,600,600,,,,,,,,,
TrainedNinjaC dealt 600 dmg,Tra,600,600,,,,,,,,,
YoungNinjaC dealt 200 dmg,You,200,200,,,,,,,,,
OldNinjaC dealt 880 dmg,Old,880,880,,,,,,,,,
YoungNinjaC dealt 440 dmg,You,440,440,,,,,,,,,
TrainedNinjaC dealt 720 dmg,Tra,720,720,,,,,,,,,
YoungNinjaC dealt 320 dmg,You,320,320,,,,,,,,,
TrainedNinjaC dealt 120 dmg,Tra,120,120,,,,,,,,,
cowderC dealt 350 dmg,cow,350,350,,,,,,,,,
cowboyC dealt 350 dmg,cow,350,350,,,,,,,,,
cowboyC dealt 350 dmg,cow,350,350,,,,,,,,,
cowboyC dealt 140 dmg,cow,140,140,,,,,,,,,
cowboyC dealt 30 dmg,cow,30,30,,,,,,,,,
YoungNinjaC dealt 1520 dmg,You,1520,1520,,,,,,,,,
OldNinjaC dealt 240 dmg,Old,240,240,,,,,,,,,
TrainedNinjaC dealt 1240 dmg,Tra,1240,1240,,,,,,,,,
OldNinjaC dealt 480 dmg,Old,480,480,,,,,,,,,
OldNinjaC dealt 960 dmg,Old,960,960,,,,,,,,,
cowderC dealt 420 dmg,cow,420,420,,,,,,,,,
cowboyC dealt 340 dmg,cow,340,340,,,,,,,,,
cowboyC dealt 410 dmg,cow,410,410,,,,,,,,,
cowboyC dealt 120 dmg,cow,120,120,,,,,,,,,
YoungNinjaC dealt 800 dmg,You,800,800,,,,,,,,,
OldNinjaC dealt 600 dmg,Old,600,600,,,,,,,,,
TrainedNinjaC dealt 1880 dmg,Tra,1880,1880,,,,,,,,,
OldNinjaC dealt 1880 dmg,Old,1880,1880,,,,,,,,,
OldNinjaC dealt 1880 dmg,Old,1880,1880,,,,,,,,,
TrainedNinjaC dealt 1880 dmg,Tra,1880,1880,,,,,,,,,
cowderC dealt 80 dmg,cow,80,80,,,,,,,,,
cowboyC dealt 220 dmg,cow,220,220,,,,,,,,,
cowboyC dealt 60 dmg,cow,60,60,,,,,,,,,
YoungNinjaC dealt 480 dmg,You,480,480,,,,,,,,,
OldNinjaC dealt 1200 dmg,Old,1200,1200,,,,,,,,,
YoungNinjaC dealt 880 dmg,You,880,880,,,,,,,,,
OldNinjaC dealt 680 dmg,Old,680,680,,,,,,,,,
YoungNinjaC dealt 120 dmg,You,120,120,,,,,,,,,
TrainedNinjaC dealt 1320 dmg,Tra,1320,1320,,,,,,,,,
TrainedNinjaC dealt 800 dmg,Tra,800,800,,,,,,,,,
cowderC dealt 250 dmg,cow,250,250,,,,,,,,,
cowboyC dealt 250 dmg,cow,250,250,,,,,,,,,
cowboyC dealt 240 dmg,cow,240,240,,,,,,,,,
cowboyC dealt 240 dmg,cow,240,240,,,,,,,,,
cowboyC dealt 240 dmg,cow,240,240,,,,,,,,,
OldNinjaC dealt 720 dmg,Old,720,720,,,,,,,,,
YoungNinjaC dealt 200 dmg,You,200,200,,,,,,,,,
OldNinjaC dealt 440 dmg,Old,440,440,,,,,,,,,
TrainedNinjaC dealt 640 dmg,Tra,640,640,,,,,,,,,
OldNinjaC dealt 1120 dmg,Old,1120,1120,,,,,,,,,
cowderC dealt 230 dmg,cow,230,230,,,,,,,,,
cowboyC dealt 50 dmg,cow,50,50,,,,,,,,,
YoungNinjaC dealt 720 dmg,You,720,720,,,,,,,,,
YoungNinjaC dealt 480 dmg,You,480,480,,,,,,,,,
OldNinjaC dealt 960 dmg,Old,960,960,,,,,,,,,
TrainedNinjaC dealt 320 dmg,Tra,320,320,,,,,,,,,
YoungNinjaC dealt 800 dmg,You,800,800,,,,,,,,,
YoungNinjaC dealt 160 dmg,You,160,160,,,,,,,,,
YoungNinjaC dealt 400 dmg,You,400,400,,,,,,,,,
OldNinjaC dealt 640 dmg,Old,640,640,,,,,,,,,
cowderC dealt 110 dmg,cow,110,110,,,,,,,,,
cowboyC dealt 140 dmg,cow,140,140,,,,,,,,,
cowboyC dealt 290 dmg,cow,290,290,,,,,,,,,
cowboyC dealt 330 dmg,cow,330,330,,,,,,,,,
TrainedNinjaC dealt 1200 dmg,Tra,1200,1200,,,,,,,,,
TrainedNinjaC dealt 200 dmg,Tra,200,200,,,,,,,,,
TrainedNinjaC dealt 800 dmg,Tra,800,800,,,,,,,,,
TrainedNinjaC dealt 360 dmg,Tra,360,360,,,,,,,,,
OldNinjaC dealt 360 dmg,Old,360,360,,,,,,,,,
YoungNinjaC dealt 1000 dmg,You,1000,1000,,,,,,,,,
cowderC dealt 290 dmg,cow,290,290,,,,,,,,,
cowboyC dealt 260 dmg,cow,260,260,,,,,,,,,
cowboyC dealt 90 dmg,cow,90,90,,,,,,,,,
cowboyC dealt 60 dmg,cow,60,60,,,,,,,,,
OldNinjaC dealt 120 dmg,Old,120,120,,,,,,,,,
TrainedNinjaC dealt 320 dmg,Tra,320,320,,,,,,,,,
OldNinjaC dealt 1000 dmg,Old,1000,1000,,,,,,,,,
YoungNinjaC dealt 640 dmg,You,640,640,,,,,,,,,
YoungNinjaC dealt 480 dmg,You,480,480,,,,,,,,,
YoungNinjaC dealt 760 dmg,You,760,760,,,,,,,,,
cowderC dealt 130 dmg,cow,130,130,,,,,,,,,
cowboyC dealt 20 dmg,cow,20,20,,,,,,,,,
cowboyC dealt 200 dmg,cow,200,200,,,,,,,,,
cowboyC dealt 200 dmg,cow,200,200,,,,,,,,,
cowboyC dealt 200 dmg,cow,200,200,,,,,,,,,
cowboyC dealt 200 dmg,cow,200,200,,,,,,,,,
cowboyC dealt 200 dmg,cow,200,200,,,,,,,,,
OldNinjaC dealt 880 dmg,Old,880,880,,,,,,,,,
YoungNinjaC dealt 440 dmg,You,440,440,,,,,,,,,
TrainedNinjaC dealt 440 dmg,Tra,440,440,,,,,,,,,
cowderC dealt 230 dmg,cow,230,230,,,,,,,,,
cowboyC dealt 150 dmg,cow,150,150,,,,,,,,,
cowboyC dealt 230 dmg,cow,230,230,,,,,,,,,
cowboyC dealt 120 dmg,cow,120,120,,,,,,,,,
cowboyC dealt 210 dmg,cow,210,210,,,,,,,,,
cowboyC dealt 220 dmg,cow,220,220,,,,,,,,,
cowboyC dealt 40 dmg,cow,40,40,,,,,,,,,
OldNinjaC dealt 400 dmg,Old,400,400,,,,,,,,,
YoungNinjaC dealt 200 dmg,You,200,200,,,,,,,,,
TrainedNinjaC dealt 1000 dmg,Tra,1000,1000,,,,,,,,,
cowderC dealt 200 dmg,cow,200,200,,,,,,,,,
cowboyC dealt 190 dmg,cow,190,190,,,,,,,,,
cowboyC dealt 190 dmg,cow,190,190,,,,,,,,,
cowboyC dealt 190 dmg,cow,190,190,,,,,,,,,
cowboyC dealt 190 dmg,cow,190,190,,,,,,,,,
cowboyC dealt 190 dmg,cow,190,190,,,,,,,,,
TrainedNinjaC dealt 880 dmg,Tra,880,880,,,,,,,,,
OldNinjaC dealt 880 dmg,Old,880,880,,,,,,,,,
YoungNinjaC dealt 160 dmg,You,160,160,,,,,,,,,
OldNinjaC dealt 880 dmg,Old,880,880,,,,,,,,,
cowderC dealt 60 dmg,cow,60,60,,,,,,,,,
cowboyC dealt 250 dmg,cow,250,250,,,,,,,,,
cowboyC dealt 280 dmg,cow,280,280,,,,,,,,,
cowboyC dealt 180 dmg,cow,180,180,,,,,,,,,
OldNinjaC dealt 680 dmg,Old,680,680,,,,,,,,,
YoungNinjaC dealt 1000 dmg,You,1000,1000,,,,,,,,,
YoungNinjaC dealt 360 dmg,You,360,360,,,,,,,,,
OldNinjaC dealt 160 dmg,Old,160,160,,,,,,,,,
YoungNinjaC dealt 920 dmg,You,920,920,,,,,,,,,
OldNinjaC dealt 480 dmg,Old,480,480,,,,,,,,,
cowderC dealt 70 dmg,cow,70,70,,,,,,,,,
cowboyC dealt 50 dmg,cow,50,50,,,,,,,,,
YoungNinjaC dealt 600 dmg,You,600,600,,,,,,,,,
TrainedNinjaC dealt 720 dmg,Tra,720,720,,,,,,,,,
TrainedNinjaC dealt 80 dmg,Tra,80,80,,,,,,,,,
YoungNinjaC dealt 880 dmg,You,880,880,,,,,,,,,
YoungNinjaC dealt 200 dmg,You,200,200,,,,,,,,,
TrainedNinjaC dealt 480 dmg,Tra,480,480,,,,,,,,,
TrainedNinjaC dealt 400 dmg,Tra,400,400,,,,,,,,,
OldNinjaC dealt 760 dmg,Old,760,760,,,,,,,,,
cowderC dealt 270 dmg,cow,270,270,,,,,,,,,
cowboyC dealt 110 dmg,cow,110,110,,,,,,,,,
cowboyC dealt 210 dmg,cow,210,210,,,,,,,,,
OldNinjaC dealt 640 dmg,Old,640,640,,,,,,,,,
TrainedNinjaC dealt 320 dmg,Tra,320,320,,,,,,,,,
OldNinjaC dealt 120 dmg,Old,120,120,,,,,,,,,
TrainedNinjaC dealt 400 dmg,Tra,400,400,,,,,,,,,
OldNinjaC dealt 1080 dmg,Old,1080,1080,,,,,,,,,
YoungNinjaC dealt 200 dmg,You,200,200,,,,,,,,,
OldNinjaC dealt 800 dmg,Old,800,800,,,,,,,,,
cowderC dealt 340 dmg,cow,340,340,,,,,,,,,
cowboyC dealt 250 dmg,cow,250,250,,,,,,,,,
cowboyC dealt 300 dmg,cow,300,300,,,,,,,,,
YoungNinjaC dealt 400 dmg,You,400,400,,,,,,,,,
OldNinjaC dealt 1520 dmg,Old,1520,1520,,,,,,,,,
TrainedNinjaC dealt 1720 dmg,Tra,1720,1720,,,,,,,,,
TrainedNinjaC dealt 720 dmg,Tra,720,720,,,,,,,,,
TrainedNinjaC dealt 120 dmg,Tra,120,120,,,,,,,,,
YoungNinjaC dealt 200 dmg,You,200,200,,,,,,,,,
YoungNinjaC dealt 520 dmg,You,520,520,,,,,,,,,
cowderC dealt 140 dmg,cow,140,140,,,,,,,,,
cowboyC dealt 310 dmg,cow,310,310,,,,,,,,,
cowboyC dealt 90 dmg,cow,90,90,,,,,,,,,
TrainedNinjaC dealt 360 dmg,Tra,360,360,,,,,,,,,
TrainedNinjaC dealt 520 dmg,Tra,520,520,,,,,,,,,
TrainedNinjaC dealt 960 dmg,Tra,960,960,,,,,,,,,
TrainedNinjaC dealt 1080 dmg,Tra,1080,1080,,,,,,,,,
YoungNinjaC dealt 1240 dmg,You,1240,1240,,,,,,,,,
TrainedNinjaC dealt 120 dmg,Tra,120,120,,,,,,,,,
OldNinjaC dealt 800 dmg,Old,800,800,,,,,,,,,
cowderC dealt 340 dmg,cow,340,340,,,,,,,,,
cowboyC dealt 340 dmg,cow,340,340,,,,,,,,,
cowboyC dealt 190 dmg,cow,190,190,,,,,,,,,
cowboyC dealt 330 dmg,cow,330,330,,,,,,,,,
OldNinjaC dealt 1520 dmg,Old,1520,1520,,,,,,,,,
TrainedNinjaC dealt 1520 dmg,Tra,1520,1520,,,,,,,,,
OldNinjaC dealt 640 dmg,Old,640,640,,,,,,,,,
YoungNinjaC dealt 1440 dmg,You,1440,1440,,,,,,,,,
YoungNinjaC dealt 160 dmg,You,160,160,,,,,,,,,
TrainedNinjaC dealt 1520 dmg,Tra,1520,1520,,,,,,,,,
cowderC dealt 310 dmg,cow,310,310,,,,,,,,,
cowboyC dealt 240 dmg,cow,240,240,,,,,,,,,
cowboyC dealt 310 dmg,cow,310,310,,,,,,,,,
cowboyC dealt 310 dmg,cow,310,310,,,,,,,,,
YoungNinjaC dealt 1400 dmg,You,1400,1400,,,,,,,,,
TrainedNinjaC dealt 1000 dmg,Tra,1000,1000,,,,,,,,,
OldNinjaC dealt 200 dmg,Old,200,200,,,,,,,,,
TrainedNinjaC dealt 520 dmg,Tra,520,520,,,,,,,,,
YoungNinjaC dealt 1400 dmg,You,1400,1400,,,,,,,,,
YoungNinjaC dealt 80 dmg,You,80,80,,,,,,,,,
cowderC dealt 310 dmg,cow,310,310,,,,,,,,,
cowboyC dealt 310 dmg,cow,310,310,,,,,,,,,
cowboyC dealt 260 dmg,cow,260,260,,,,,,,,,
cowboyC dealt 310 dmg,cow,310,310,,,,,,,,,
TrainedNinjaC dealt 1400 dmg,Tra,1400,1400,,,,,,,,,
YoungNinjaC dealt 1400 dmg,You,1400,1400,,,,,,,,,
TrainedNinjaC dealt 160 dmg,Tra,160,160,,,,,,,,,
TrainedNinjaC dealt 720 dmg,Tra,720,720,,,,,,,,,
TrainedNinjaC dealt 1400 dmg,Tra,1400,1400,,,,,,,,,
OldNinjaC dealt 440 dmg,Old,440,440,,,,,,,,,
cowderC dealt 270 dmg,cow,270,270,,,,,,,,,
cowboyC dealt 270 dmg,cow,270,270,,,,,,,,,
cowboyC dealt 30 dmg,cow,30,30,,,,,,,,,
cowboyC dealt 260 dmg,cow,260,260,,,,,,,,,
cowboyC dealt 260 dmg,cow,260,260,,,,,,,,,
OldNinjaC dealt 360 dmg,Old,360,360,,,,,,,,,
OldNinjaC dealt 1200 dmg,Old,1200,1200,,,,,,,,,
YoungNinjaC dealt 720 dmg,You,720,720,,,,,,,,,
OldNinjaC dealt 1200 dmg,Old,1200,1200,,,,,,,,,
YoungNinjaC dealt 1200 dmg,You,1200,1200,,,,,,,,,
cowderC dealt 350 dmg,cow,350,350,,,,,,,,,
cowboyC dealt 100 dmg,cow,100,100,,,,,,,,,
cowboyC dealt 270 dmg,cow,270,270,,,,,,,,,
cowboyC dealt 350 dmg,cow,350,350,,,,,,,,,
cowboyC dealt 30 dmg,cow,30,30,,,,,,,,,
TrainedNinjaC dealt 680 dmg,Tra,680,680,,,,,,,,,
TrainedNinjaC dealt 240 dmg,Tra,240,240,,,,,,,,,
TrainedNinjaC dealt 800 dmg,Tra,800,800,,,,,,,,,
OldNinjaC dealt 320 dmg,Old,320,320,,,,,,,,,
YoungNinjaC dealt 1000 dmg,You,1000,1000,,,,,,,,,
cowderC dealt 200 dmg,cow,200,200,,,,,,,,,
cowboyC dealt 200 dmg,cow,200,200,,,,,,,,,
cowboyC dealt 200 dmg,cow,200,200,,,,,,,,,
cowboyC dealt 200 dmg,cow,200,200,,,,,,,,,
cowboyC dealt 200 dmg,cow,200,200,,,,,,,,,
cowboyC dealt 200 dmg,cow,200,200,,,,,,,,,
YoungNinjaC dealt 480 dmg,You,480,480,,,,,,,,,
OldNinjaC dealt 880 dmg,Old,880,880,,,,,,,,,
OldNinjaC dealt 880 dmg,Old,880,880,,,,,,,,,
YoungNinjaC dealt 160 dmg,You,160,160,,,,,,,,,
cowderC dealt 60 dmg,cow,60,60,,,,,,,,,
cowboyC dealt 180 dmg,cow,180,180,,,,,,,,,
cowboyC dealt 90 dmg,cow,90,90,,,,,,,,,
OldNinjaC dealt 1280 dmg,Old,1280,1280,,,,,,,,,
TrainedNinjaC dealt 520 dmg,Tra,520,520,,,,,,,,,
OldNinjaC dealt 1080 dmg,Old,1080,1080,,,,,,,,,
YoungNinjaC dealt 960 dmg,You,960,960,,,,,,,,,
TrainedNinjaC dealt 120 dmg,Tra,120,120,,,,,,,,,
TrainedNinjaC dealt 1360 dmg,Tra,1360,1360,,,,,,,,,
OldNinjaC dealt 720 dmg,Old,720,720,,,,,,,,,
cowderC dealt 190 dmg,cow,190,190,,,,,,,,,
cowboyC dealt 190 dmg,cow,190,190,,,,,,,,,
cowboyC dealt 30 dmg,cow,30,30,,,,,,,,,
cowboyC dealt 190 dmg,cow,190,190,,,,,,,,,
cowboyC dealt 60 dmg,cow,60,60,,,,,,,,,
cowboyC dealt 100 dmg,cow,100,100,,,,,,,,,
cowboyC dealt 190 dmg,cow,190,190,,,,,,,,,
cowboyC dealt 190 dmg,cow,190,190,,,,,,,,,
OldNinjaC dealt 680 dmg,Old,680,680,,,,,,,,,
OldNinjaC dealt 840 dmg,Old,840,840,,,,,,,,,
cowboyC dealt 490 dmg,cow,490,490,,,,,,,,,
YoungNinjaC dealt 1000 dmg,You,1000,1000,,,,,,,,,
YoungNinjaC dealt 1800 dmg,You,1800,1800,,,,,,,,,
TrainedNinjaC dealt 440 dmg,Tra,440,440,,,,,,,,,
YoungNinjaC dealt 880 dmg,You,880,880,,,,,,,,,
OldNinjaC dealt 240 dmg,Old,240,240,,,,,,,,,
OldNinjaC dealt 680 dmg,Old,680,680,,,,,,,,,
cowderC dealt 400 dmg,cow,400,400,,,,,,,,,
cowboyC dealt 400 dmg,cow,400,400,,,,,,,,,
cowboyC dealt 390 dmg,cow,390,390,,,,,,,,,
TrainedNinjaC dealt 1800 dmg,Tra,1800,1800,,,,,,,,,
TrainedNinjaC dealt 1800 dmg,Tra,1800,1800,,,,,,,,,
TrainedNinjaC dealt 880 dmg,Tra,880,880,,,,,,,,,
OldNinjaC dealt 1800 dmg,Old,1800,1800,,,,,,,,,
OldNinjaC dealt 1800 dmg,Old,1800,1800,,,,,,,,,
TrainedNinjaC dealt 680 dmg,Tra,680,680,,,,,,,,,
OldNinjaC dealt 360 dmg,Old,360,360,,,,,,,,,
cowderC dealt 40 dmg,cow,40,40,,,,,,,,,
cowboyC dealt 140 dmg,cow,140,140,,,,,,,,,
cowboyC dealt 260 dmg,cow,260,260,,,,,,,,,
cowboyC dealt 230 dmg,cow,230,230,,,,,,,,,
cowboyC dealt 60 dmg,cow,60,60,,,,,,,,,
YoungNinjaC dealt 720 dmg,You,720,720,,,,,,,,,
OldNinjaC dealt 120 dmg,Old,120,120,,,,,,,,,
OldNinjaC dealt 480 dmg,Old,480,480,,,,,,,,,
OldNinjaC dealt 400 dmg,Old,400,400,,,,,,,,,
TrainedNinjaC dealt 880 dmg,Tra,880,880,,,,,,,,,
cowderC dealt 350 dmg,cow,350,350,,,,,,,,,
cowboyC dealt 310 dmg,cow,310,310,,,,,,,,,
TrainedNinjaC dealt 1160 dmg,Tra,1160,1160,,,,,,,,,
YoungNinjaC dealt 920 dmg,You,920,920,,,,,,,,,
TrainedNinjaC dealt 520 dmg,Tra,520,520,,,,,,,,,
YoungNinjaC dealt 1160 dmg,You,1160,1160,,,,,,,,,
YoungNinjaC dealt 320 dmg,You,320,320,,,,,,,,,
YoungNinjaC dealt 1280 dmg,You,1280,1280,,,,,,,,,
TrainedNinjaC dealt 720 dmg,Tra,720,720,,,,,,,,,
TrainedNinjaC dealt 360 dmg,Tra,360,360,,,,,,,,,
cowderC dealt 410 dmg,cow,410,410,,,,,,,,,
cowboyC dealt 350 dmg,cow,350,350,,,,,,,,,
cowboyC dealt 150 dmg,cow,150,150,,,,,,,,,
cowboyC dealt 30 dmg,cow,30,30,,,,,,,,,
cowboyC dealt 120 dmg,cow,120,120,,,,,,,,,
OldNinjaC dealt 240 dmg,Old,240,240,,,,,,,,,
YoungNinjaC dealt 800 dmg,You,800,800,,,,,,,,,
TrainedNinjaC dealt 1360 dmg,Tra,1360,1360,,,,,,,,,
TrainedNinjaC dealt 400 dmg,Tra,400,400,,,,,,,,,
OldNinjaC dealt 1080 dmg,Old,1080,1080,,,,,,,,,
cowderC dealt 400 dmg,cow,400,400,,,,,,,,,
cowboyC dealt 80 dmg,cow,80,80,,,,,,,,,
cowboyC dealt 110 dmg,cow,110,110,,,,,,,,,
cowboyC dealt 40 dmg,cow,40,40,,,,,,,,,
cowboyC dealt 390 dmg,cow,390,390,,,,,,,,,
cowboyC dealt 150 dmg,cow,150,150,,,,,,,,,
TrainedNinjaC dealt 1200 dmg,Tra,1200,1200,,,,,,,,,
YoungNinjaC dealt 1040 dmg,You,1040,1040,,,,,,,,,
YoungNinjaC dealt 1440 dmg,You,1440,1440,,,,,,,,,
OldNinjaC dealt 1800 dmg,Old,1800,1800,,,,,,,,,
cowderC dealt 110 dmg,cow,110,110,,,,,,,,,
cowboyC dealt 90 dmg,cow,90,90,,,,,,,,,
cowboyC dealt 230 dmg,cow,230,230,,,,,,,,,
YoungNinjaC dealt 200 dmg,You,200,200,,,,,,,,,
TrainedNinjaC dealt 1040 dmg,Tra,1040,1040,,,,,,,,,
OldNinjaC dealt 720 dmg,Old,720,720,,,,,,,,,
TrainedNinjaC dealt 880 dmg,Tra,880,880,,,,,,,,,
YoungNinjaC dealt 600 dmg,You,600,600,,,,,,,,,
YoungNinjaC dealt 320 dmg,You,320,320,,,,,,,,,
TrainedNinjaC dealt 120 dmg,Tra,120,120,,,,,,,,,
cowderC dealt 230 dmg,cow,230,230,,,,,,,,,
cowboyC dealt 220 dmg,cow,220,220,,,,,,,,,
cowboyC dealt 220 dmg,cow,220,220,,,,,,,,,
cowboyC dealt 220 dmg,cow,220,220,,,,,,,,,
cowboyC dealt 100 dmg,cow,100,100,,,,,,,,,
cowboyC dealt 220 dmg,cow,220,220,,,,,,,,,
OldNinjaC dealt 1000 dmg,Old,1000,1000,,,,,,,,,
YoungNinjaC dealt 80 dmg,You,80,80,,,,,,,,,
TrainedNinjaC dealt 1000 dmg,Tra,1000,1000,,,,,,,,,
OldNinjaC dealt 240 dmg,Old,240,240,,,,,,,,,
cowderC dealt 270 dmg,cow,270,270,,,,,,,,,
cowboyC dealt 30 dmg,cow,30,30,,,,,,,,,
cowboyC dealt 270 dmg,cow,270,270,,,,,,,,,
cowboyC dealt 170 dmg,cow,170,170,,,,,,,,,
cowboyC dealt 220 dmg,cow,220,220,,,,,,,,,
cowboyC dealt 270 dmg,cow,270,270,,,,,,,,,
YoungNinjaC dealt 640 dmg,You,640,640,,,,,,,,,
TrainedNinjaC dealt 240 dmg,Tra,240,240,,,,,,,,,
TrainedNinjaC dealt 1200 dmg,Tra,1200,1200,,,,,,,,,
YoungNinjaC dealt 440 dmg,You,440,440,,,,,,,,,
cowderC dealt 340 dmg,cow,340,340,,,,,,,,,
cowboyC dealt 340 dmg,cow,340,340,,,,,,,,,
cowboyC dealt 40 dmg,cow,40,40,,,,,,,,,
cowboyC dealt 340 dmg,cow,340,340,,,,,,,,,
OldNinjaC dealt 1160 dmg,Old,1160,1160,,,,,,,,,
YoungNinjaC dealt 1360 dmg,You,1360,1360,,,,,,,,,
TrainedNinjaC dealt 520 dmg,Tra,520,520,,,,,,,,,
YoungNinjaC dealt 360 dmg,You,360,360,,,,,,,,,
YoungNinjaC dealt 760 dmg,You,760,760,,,,,,,,,
TrainedNinjaC dealt 1520 dmg,Tra,1520,1520,,,,,,,,,
cowderC dealt 240 dmg,cow,240,240,,,,,,,,,
cowboyC dealt 90 dmg,cow,90,90,,,,,,,,,
cowboyC dealt 240 dmg,cow,240,240,,,,,,,,,
cowboyC dealt 60 dmg,cow,60,60,,,,,,,,,
cowboyC dealt 240 dmg,cow,240,240,,,,,,,,,
cowboyC dealt 240 dmg,cow,240,240,,,,,,,,,
TrainedNinjaC dealt 640 dmg,Tra,640,640,,,,,,,,,
OldNinjaC dealt 1040 dmg,Old,1040,1040,,,,,,,,,
YoungNinjaC dealt 120 dmg,You,120,120,,,,,,,,,
YoungNinjaC dealt 760 dmg,You,760,760,,,,,,,,,
cowderC dealt 290 dmg,cow,290,290,,,,,,,,,
cowboyC dealt 340 dmg,cow,340,340,,,,,,,,,
cowboyC dealt 200 dmg,cow,200,200,,,,,,,,,
cowboyC dealt 170 dmg,cow,170,170,,,,,,,,,
TrainedNinjaC dealt 1840 dmg,Tra,1840,1840,,,,,,,,,
OldNinjaC dealt 1160 dmg,Old,1160,1160,,,,,,,,,
YoungNinjaC dealt 600 dmg,You,600,600,,,,,,,,,
OldNinjaC dealt 200 dmg,Old,200,200,,,,,,,,,
YoungNinjaC dealt 2080 dmg,You,2080,2080,,,,,,,,,
OldNinjaC dealt 440 dmg,Old,440,440,,,,,,,,,
cowderC dealt 220 dmg,cow,220,220,,,,,,,,,
cowboyC dealt 210 dmg,cow,210,210,,,,,,,,,
cowboyC dealt 210 dmg,cow,210,210,,,,,,,,,
cowboyC dealt 210 dmg,cow,210,210,,,,,,,,,
cowboyC dealt 70 dmg,cow,70,70,,,,,,,,,
cowboyC dealt 210 dmg,cow,210,210,,,,,,,,,
YoungNinjaC dealt 320 dmg,You,320,320,,,,,,,,,
YoungNinjaC dealt 520 dmg,You,520,520,,,,,,,,,
OldNinjaC dealt 960 dmg,Old,960,960,,,,,,,,,
YoungNinjaC dealt 960 dmg,You,960,960,,,,,,,,,
cowderC dealt 130 dmg,cow,130,130,,,,,,,,,
cowboyC dealt 30 dmg,cow,30,30,,,,,,,,,
cowboyC dealt 250 dmg,cow,250,250,,,,,,,,,
cowboyC dealt 450 dmg,cow,450,450,,,,,,,,,
cowboyC dealt 90 dmg,cow,90,90,,,,,,,,,
YoungNinjaC dealt 200 dmg,You,200,200,,,,,,,,,
YoungNinjaC dealt 720 dmg,You,720,720,,,,,,,,,
OldNinjaC dealt 1840 dmg,Old,1840,1840,,,,,,,,,
OldNinjaC dealt 1480 dmg,Old,1480,1480,,,,,,,,,
TrainedNinjaC dealt 920 dmg,Tra,920,920,,,,,,,,,
cowderC dealt 170 dmg,cow,170,170,,,,,,,,,
cowboyC dealt 170 dmg,cow,170,170,,,,,,,,,
cowboyC dealt 170 dmg,cow,170,170,,,,,,,,,
cowboyC dealt 170 dmg,cow,170,170,,,,,,,,,
cowboyC dealt 170 dmg,cow,170,170,,,,,,,,,
cowboyC dealt 170 dmg,cow,170,170,,,,,,,,,
cowboyC dealt 160 dmg,cow,160,160,,,,,,,,,
OldNinjaC dealt 720 dmg,Old,720,720,,,,,,,,,
YoungNinjaC dealt 720 dmg,You,720,720,,,,,,,,,
OldNinjaC dealt 720 dmg,Old,720,720,,,,,,,,,
cowderC dealt 340 dmg,cow,340,340,,,,,,,,,
cowboyC dealt 90 dmg,cow,90,90,,,,,,,,,
cowboyC dealt 170 dmg,cow,170,170,,,,,,,,,
cowboyC dealt 40 dmg,cow,40,40,,,,,,,,,
cowboyC dealt 20 dmg,cow,20,20,,,,,,,,,
cowboyC dealt 430 dmg,cow,430,430,,,,,,,,,
cowboyC dealt 60 dmg,cow,60,60,,,,,,,,,
YoungNinjaC dealt 1280 dmg,You,1280,1280,,,,,,,,,
TrainedNinjaC dealt 600 dmg,Tra,600,600,,,,,,,,,
TrainedNinjaC dealt 1040 dmg,Tra,1040,1040,,,,,,,,,
cowderC dealt 170 dmg,cow,170,170,,,,,,,,,
cowboyC dealt 280 dmg,cow,280,280,,,,,,,,,
cowboyC dealt 50 dmg,cow,50,50,,,,,,,,,
cowboyC dealt 310 dmg,cow,310,310,,,,,,,,,
cowboyC dealt 310 dmg,cow,310,310,,,,,,,,,
OldNinjaC dealt 480 dmg,Old,480,480,,,,,,,,,
TrainedNinjaC dealt 80 dmg,Tra,80,80,,,,,,,,,
OldNinjaC dealt 1000 dmg,Old,1000,1000,,,,,,,,,
TrainedNinjaC dealt 360 dmg,Tra,360,360,,,,,,,,,
YoungNinjaC dealt 720 dmg,You,720,720,,,,,,,,,
cowderC dealt 300 dmg,cow,300,300,,,,,,,,,
cowboyC dealt 300 dmg,cow,300,300,,,,,,,,,
cowboyC dealt 80 dmg,cow,80,80,,,,,,,,,
cowboyC dealt 150 dmg,cow,150,150,,,,,,,,,
cowboyC dealt 290 dmg,cow,290,290,,,,,,,,,
TrainedNinjaC dealt 440 dmg,Tra,440,440,,,,,,,,,
YoungNinjaC dealt 1080 dmg,You,1080,1080,,,,,,,,,
TrainedNinjaC dealt 960 dmg,Tra,960,960,,,,,,,,,
YoungNinjaC dealt 80 dmg,You,80,80,,,,,,,,,
OldNinjaC dealt 200 dmg,Old,200,200,,,,,,,,,
cowderC dealt 40 dmg,cow,40,40,,,,,,,,,
cowboyC dealt 440 dmg,cow,440,440,,,,,,,,,
cowboyC dealt 400 dmg,cow,400,400,,,,,,,,,
OldNinjaC dealt 1200 dmg,Old,1200,1200,,,,,,,,,
OldNinjaC dealt 760 dmg,Old,760,760,,,,,,,,,
OldNinjaC dealt 1640 dmg,Old,1640,1640,,,,,,,,,
TrainedNinjaC dealt 960 dmg,Tra,960,960,,,,,,,,,
OldNinjaC dealt 400 dmg,Old,400,400,,,,,,,,,
YoungNinjaC dealt 520 dmg,You,520,520,,,,,,,,,
OldNinjaC dealt 1440 dmg,Old,1440,1440,,,,,,,,,
cowderC dealt 280 dmg,cow,280,280,,,,,,,,,
cowboyC dealt 280 dmg,cow,280,280,,,,,,,,,
cowboyC dealt 280 dmg,cow,280,280,,,,,,,,,
cowboyC dealt 130 dmg,cow,130,130,,,,,,,,,
cowboyC dealt 270 dmg,cow,270,270,,,,,,,,,
YoungNinjaC dealt 160 dmg,You,160,160,,,,,,,,,
OldNinjaC dealt 1240 dmg,Old,1240,1240,,,,,,,,,
YoungNinjaC dealt 1240 dmg,You,1240,1240,,,,,,,,,
OldNinjaC dealt 1240 dmg,Old,1240,1240,,,,,,,,,
OldNinjaC dealt 1240 dmg,Old,1240,1240,,,,,,,,,
cowderC dealt 280 dmg,cow,280,280,,,,,,,,,
cowboyC dealt 40 dmg,cow,40,40,,,,,,,,,
cowboyC dealt 280 dmg,cow,280,280,,,,,,,,,
cowboyC dealt 270 dmg,cow,270,270,,,,,,,,,
cowboyC dealt 270 dmg,cow,270,270,,,,,,,,,
YoungNinjaC dealt 1240 dmg,You,1240,1240,,,,,,,,,
TrainedNinjaC dealt 1040 dmg,Tra,1040,1040,,,,,,,,,
TrainedNinjaC dealt 1240 dmg,Tra,1240,1240,,,,,,,,,
YoungNinjaC dealt 960 dmg,You,960,960,,,,,,,,,
OldNinjaC dealt 480 dmg,Old,480,480,,,,,,,,,
cowderC dealt 20 dmg,cow,20,20,,,,,,,,,
cowboyC dealt 170 dmg,cow,170,170,,,,,,,,,
cowboyC dealt 270 dmg,cow,270,270,,,,,,,,,
cowboyC dealt 80 dmg,cow,80,80,,,,,,,,,
YoungNinjaC dealt 960 dmg,You,960,960,,,,,,,,,
TrainedNinjaC dealt 920 dmg,Tra,920,920,,,,,,,,,
OldNinjaC dealt 480 dmg,Old,480,480,,,,,,,,,
TrainedNinjaC dealt 640 dmg,Tra,640,640,,,,,,,,,
OldNinjaC dealt 240 dmg,Old,240,240,,,,,,,,,
TrainedNinjaC dealt 1080 dmg,Tra,1080,1080,,,,,,,,,
cowderC dealt 180 dmg,cow,180,180,,,,,,,,,
cowboyC dealt 240 dmg,cow,240,240,,,,,,,,,
cowboyC dealt 130 dmg,cow,130,130,,,,,,,,,
YoungNinjaC dealt 400 dmg,You,400,400,,,,,,,,,
TrainedNinjaC dealt 320 dmg,Tra,320,320,,,,,,,,,
TrainedNinjaC dealt 480 dmg,Tra,480,480,,,,,,,,,
TrainedNinjaC dealt 80 dmg,Tra,80,80,,,,,,,,,
TrainedNinjaC dealt 960 dmg,Tra,960,960,,,,,,,,,
YoungNinjaC dealt 160 dmg,You,160,160,,,,,,,,,
TrainedNinjaC dealt 720 dmg,Tra,720,720,,,,,,,,,
cowderC dealt 240 dmg,cow,240,240,,,,,,,,,
cowboyC dealt 240 dmg,cow,240,240,,,,,,,,,
cowboyC dealt 240 dmg,cow,240,240,,,,,,,,,
cowboyC dealt 230 dmg,cow,230,230,,,,,,,,,
cowboyC dealt 230 dmg,cow,230,230,,,,,,,,,
TrainedNinjaC dealt 240 dmg,Tra,240,240,,,,,,,,,
YoungNinjaC dealt 1040 dmg,You,1040,1040,,,,,,,,,
YoungNinjaC dealt 1040 dmg,You,1040,1040,,,,,,,,,
YoungNinjaC dealt 600 dmg,You,600,600,,,,,,,,,
OldNinjaC dealt 1040 dmg,Old,1040,1040,,,,,,,,,
cowderC dealt 290 dmg,cow,290,290,,,,,,,,,
cowboyC dealt 290 dmg,cow,290,290,,,,,,,,,
cowboyC dealt 290 dmg,cow,290,290,,,,,,,,,
cowboyC dealt 80 dmg,cow,80,80,,,,,,,,,
cowboyC dealt 280 dmg,cow,280,280,,,,,,,,,
YoungNinjaC dealt 1280 dmg,You,1280,1280,,,,,,,,,
YoungNinjaC dealt 120 dmg,You,120,120,,,,,,,,,
OldNinjaC dealt 1280 dmg,Old,1280,1280,,,,,,,,,
OldNinjaC dealt 1280 dmg,Old,1280,1280,,,,,,,,,
YoungNinjaC dealt 1280 dmg,You,1280,1280,,,,,,,,,
cowderC dealt 170 dmg,cow,170,170,,,,,,,,,
cowboyC dealt 30 dmg,cow,30,30,,,,,,,,,
cowboyC dealt 290 dmg,cow,290,290,,,,,,,,,
OldNinjaC dealt 240 dmg,Old,240,240,,,,,,,,,
TrainedNinjaC dealt 360 dmg,Tra,360,360,,,,,,,,,
TrainedNinjaC dealt 1040 dmg,Tra,1040,1040,,,,,,,,,
OldNinjaC dealt 1200 dmg,Old,1200,1200,,,,,,,,,
TrainedNinjaC dealt 680 dmg,Tra,680,680,,,,,,,,,
TrainedNinjaC dealt 920 dmg,Tra,920,920,,,,,,,,,
OldNinjaC dealt 520 dmg,Old,520,520,,,,,,,,,
cowderC dealt 300 dmg,cow,300,300,,,,,,,,,
cowboyC dealt 80 dmg,cow,80,80,,,,,,,,,
cowboyC dealt 170 dmg,cow,170,170,,,,,,,,,
cowboyC dealt 340 dmg,cow,340,340,,,,,,,,,
TrainedNinjaC dealt 240 dmg,Tra,240,240,,,,,,,,,
OldNinjaC dealt 120 dmg,Old,120,120,,,,,,,,,
OldNinjaC dealt 1000 dmg,Old,1000,1000,,,,,,,,,
OldNinjaC dealt 1240 dmg,Old,1240,1240,,,,,,,,,
YoungNinjaC dealt 640 dmg,You,640,640,,,,,,,,,
TrainedNinjaC dealt 480 dmg,Tra,480,480,,,,,,,,,
cowderC dealt 50 dmg,cow,50,50,,,,,,,,,
cowboyC dealt 100 dmg,cow,100,100,,,,,,,,,
YoungNinjaC dealt 760 dmg,You,760,760,,,,,,,,,
TrainedNinjaC dealt 120 dmg,Tra,120,120,,,,,,,,,
YoungNinjaC dealt 680 dmg,You,680,680,,,,,,,,,
TrainedNinjaC dealt 1040 dmg,Tra,1040,1040,,,,,,,,,
YoungNinjaC dealt 920 dmg,You,920,920,,,,,,,,,
YoungNinjaC dealt 520 dmg,You,520,520,,,,,,,,,
OldNinjaC dealt 360 dmg,Old,360,360,,,,,,,,,
OldNinjaC dealt 1160 dmg,Old,1160,1160,,,,,,,,,
cowderC dealt 220 dmg,cow,220,220,,,,,,,,,
cowboyC dealt 140 dmg,cow,140,140,,,,,,,,,
cowboyC dealt 250 dmg,cow,250,250,,,,,,,,,
YoungNinjaC dealt 80 dmg,You,80,80,,,,,,,,,
YoungNinjaC dealt 360 dmg,You,360,360,,,,,,,,,
YoungNinjaC dealt 800 dmg,You,800,800,,,,,,,,,
TrainedNinjaC dealt 880 dmg,Tra,880,880,,,,,,,,,
OldNinjaC dealt 480 dmg,Old,480,480,,,,,,,,,
TrainedNinjaC dealt 240 dmg,Tra,240,240,,,,,,,,,
YoungNinjaC dealt 160 dmg,You,160,160,,,,,,,,,
cowderC dealt 270 dmg,cow,270,270,,,,,,,,,
cowboyC dealt 80 dmg,cow,80,80,,,,,,,,,
cowboyC dealt 40 dmg,cow,40,40,,,,,,,,,
cowboyC dealt 60 dmg,cow,60,60,,,,,,,,,
cowboyC dealt 190 dmg,cow,190,190,,,,,,,,,
cowboyC dealt 160 dmg,cow,160,160,,,,,,,,,
OldNinjaC dealt 1080 dmg,Old,1080,1080,,,,,,,,,
YoungNinjaC dealt 80 dmg,You,80,80,,,,,,,,,
TrainedNinjaC dealt 480 dmg,Tra,480,480,,,,,,,,,
YoungNinjaC dealt 600 dmg,You,600,600,,,,,,,,,
cowderC dealt 270 dmg,cow,270,270,,,,,,,,,
cowboyC dealt 200 dmg,cow,200,200,,,,,,,,,
cowboyC dealt 90 dmg,cow,90,90,,,,,,,,,
cowboyC dealt 310 dmg,cow,310,310,,,,,,,,,
TrainedNinjaC dealt 640 dmg,Tra,640,640,,,,,,,,,
YoungNinjaC dealt 240 dmg,You,240,240,,,,,,,,,
YoungNinjaC dealt 760 dmg,You,760,760,,,,,,,,,
OldNinjaC dealt 160 dmg,Old,160,160,,,,,,,,,
YoungNinjaC dealt 480 dmg,You,480,480,,,,,,,,,
TrainedNinjaC dealt 1040 dmg,Tra,1040,1040,,,,,,,,,
cowderC dealt 350 dmg,cow,350,350,,,,,,,,,
cowboyC dealt 190 dmg,cow,190,190,,,,,,,,,
cowboyC dealt 350 dmg,cow,350,350,,,,,,,,,
cowboyC dealt 250 dmg,cow,250,250,,,,,,,,,
OldNinjaC dealt 200 dmg,Old,200,200,,,,,,,,,
TrainedNinjaC dealt 1560 dmg,Tra,1560,1560,,,,,,,,,
OldNinjaC dealt 1560 dmg,Old,1560,1560,,,,,,,,,
YoungNinjaC dealt 440 dmg,You,440,440,,,,,,,,,
YoungNinjaC dealt 1560 dmg,You,1560,1560,,,,,,,,,
YoungNinjaC dealt 720 dmg,You,720,720,,,,,,,,,
cowderC dealt 420 dmg,cow,420,420,,,,,,,,,
cowboyC dealt 290 dmg,cow,290,290,,,,,,,,,
cowboyC dealt 380 dmg,cow,380,380,,,,,,,,,
cowboyC dealt 30 dmg,cow,30,30,,,,,,,,,
TrainedNinjaC dealt 880 dmg,Tra,880,880,,,,,,,,,
YoungNinjaC dealt 1320 dmg,You,1320,1320,,,,,,,,,
YoungNinjaC dealt 240 dmg,You,240,240,,,,,,,,,
OldNinjaC dealt 440 dmg,Old,440,440,,,,,,,,,
TrainedNinjaC dealt 1080 dmg,Tra,1080,1080,,,,,,,,,
TrainedNinjaC dealt 680 dmg,Tra,680,680,,,,,,,,,
cowderC dealt 220 dmg,cow,220,220,,,,,,,,,
cowboyC dealt 220 dmg,cow,220,220,,,,,,,,,
cowboyC dealt 220 dmg,cow,220,220,,,,,,,,,
cowboyC dealt 210 dmg,cow,210,210,,,,,,,,,
cowboyC dealt 210 dmg,cow,210,210,,,,,,,,,
YoungNinjaC dealt 680 dmg,You,680,680,,,,,,,,,
TrainedNinjaC dealt 440 dmg,Tra,440,440,,,,,,,,,
OldNinjaC dealt 960 dmg,Old,960,960,,,,,,,,,
OldNinjaC dealt 240 dmg,Old,240,240,,,,,,,,,
YoungNinjaC dealt 960 dmg,You,960,960,,,,,,,,,
cowderC dealt 290 dmg,cow,290,290,,,,,,,,,
cowboyC dealt 70 dmg,cow,70,70,,,,,,,,,
cowboyC dealt 290 dmg,cow,290,290,,,,,,,,,
cowboyC dealt 270 dmg,cow,270,270,,,,,,,,,
cowboyC dealt 280 dmg,cow,280,280,,,,,,,,,
TrainedNinjaC dealt 200 dmg,Tra,200,200,,,,,,,,,
OldNinjaC dealt 640 dmg,Old,640,640,,,,,,,,,
OldNinjaC dealt 880 dmg,Old,880,880,,,,,,,,,
TrainedNinjaC dealt 80 dmg,Tra,80,80,,,,,,,,,
YoungNinjaC dealt 440 dmg,You,440,440,,,,,,,,,
cowderC dealt 240 dmg,cow,240,240,,,,,,,,,
cowboyC dealt 140 dmg,cow,140,140,,,,,,,,,
cowboyC dealt 80 dmg,cow,80,80,,,,,,,,,
cowboyC dealt 20 dmg,cow,20,20,,,,,,,,,
cowboyC dealt 240 dmg,cow,240,240,,,,,,,,,
cowboyC dealt 240 dmg,cow,240,240,,,,,,,,,
cowboyC dealt 240 dmg,cow,240,240,,,,,,,,,
YoungNinjaC dealt 1040 dmg,You,1040,1040,,,,,,,,,
TrainedNinjaC dealt 920 dmg,Tra,920,920,,,,,,,,,
TrainedNinjaC dealt 200 dmg,Tra,200,200,,,,,,,,,
cowderC dealt 290 dmg,cow,290,290,,,,,,,,,
cowboyC dealt 160 dmg,cow,160,160,,,,,,,,,
cowboyC dealt 190 dmg,cow,190,190,,,,,,,,,
cowboyC dealt 90 dmg,cow,90,90,,,,,,,,,
TrainedNinjaC dealt 160 dmg,Tra,160,160,,,,,,,,,
TrainedNinjaC dealt 80 dmg,Tra,80,80,,,,,,,,,
TrainedNinjaC dealt 1040 dmg,Tra,1040,1040,,,,,,,,,
TrainedNinjaC dealt 240 dmg,Tra,240,240,,,,,,,,,
OldNinjaC dealt 1160 dmg,Old,1160,1160,,,,,,,,,
OldNinjaC dealt 520 dmg,Old,520,520,,,,,,,,,
cowderC dealt 260 dmg,cow,260,260,,,,,,,,,
cowboyC dealt 260 dmg,cow,260,260,,,,,,,,,
cowboyC dealt 70 dmg,cow,70,70,,,,,,,,,
cowboyC dealt 30 dmg,cow,30,30,,,,,,,,,
cowboyC dealt 250 dmg,cow,250,250,,,,,,,,,
cowboyC dealt 250 dmg,cow,250,250,,,,,,,,,
YoungNinjaC dealt 1160 dmg,You,1160,1160,,,,,,,,,
TrainedNinjaC dealt 1160 dmg,Tra,1160,1160,,,,,,,,,
YoungNinjaC dealt 1160 dmg,You,1160,1160,,,,,,,,,
YoungNinjaC dealt 680 dmg,You,680,680,,,,,,,,,
cowderC dealt 380 dmg,cow,380,380,,,,,,,,,
cowboyC dealt 100 dmg,cow,100,100,,,,,,,,,
cowboyC dealt 60 dmg,cow,60,60,,,,,,,,,
cowboyC dealt 300 dmg,cow,300,300,,,,,,,,,
cowboyC dealt 220 dmg,cow,220,220,,,,,,,,,
TrainedNinjaC dealt 160 dmg,Tra,160,160,,,,,,,,,
OldNinjaC dealt 1320 dmg,Old,1320,1320,,,,,,,,,
YoungNinjaC dealt 320 dmg,You,320,320,,,,,,,,,
TrainedNinjaC dealt 80 dmg,Tra,80,80,,,,,,,,,
OldNinjaC dealt 600 dmg,Old,600,600,,,,,,,,,
cowderC dealt 350 dmg,cow,350,350,,,,,,,,,
cowboyC dealt 100 dmg,cow,100,100,,,,,,,,,
cowboyC dealt 340 dmg,cow,340,340,,,,,,,,,
cowboyC dealt 340 dmg,cow,340,340,,,,,,,,,
cowboyC dealt 30 dmg,cow,30,30,,,,,,,,,
OldNinjaC dealt 1560 dmg,Old,1560,1560,,,,,,,,,
OldNinjaC dealt 1000 dmg,Old,1000,1000,,,,,,,,,
YoungNinjaC dealt 320 dmg,You,320,320,,,,,,,,,
TrainedNinjaC dealt 640 dmg,Tra,640,640,,,,,,,,,
YoungNinjaC dealt 1440 dmg,You,1440,1440,,,,,,,,,
cowderC dealt 50 dmg,cow,50,50,,,,,,,,,
cowboyC dealt 270 dmg,cow,270,270,,,,,,,,,
cowboyC dealt 70 dmg,cow,70,70,,,,,,,,,
cowboyC dealt 120 dmg,cow,120,120,,,,,,,,,
YoungNinjaC dealt 1080 dmg,You,1080,1080,,,,,,,,,
YoungNinjaC dealt 80 dmg,You,80,80,,,,,,,,,
YoungNinjaC dealt 1240 dmg,You,1240,1240,,,,,,,,,
TrainedNinjaC dealt 960 dmg,Tra,960,960,,,,,,,,,
OldNinjaC dealt 640 dmg,Old,640,640,,,,,,,,,
YoungNinjaC dealt 720 dmg,You,720,720,,,,,,,,,
cowderC dealt 240 dmg,cow,240,240,,,,,,,,,
cowboyC dealt 240 dmg,cow,240,240,,,,,,,,,
cowboyC dealt 240 dmg,cow,240,240,,,,,,,,,
cowboyC dealt 230 dmg,cow,230,230,,,,,,,,,
cowboyC dealt 230 dmg,cow,230,230,,,,,,,,,
OldNinjaC dealt 1040 dmg,Old,1040,1040,,,,,,,,,
OldNinjaC dealt 1040 dmg,Old,1040,1040,,,,,,,,,
YoungNinjaC dealt 160 dmg,You,160,160,,,,,,,,,
YoungNinjaC dealt 1040 dmg,You,1040,1040,,,,,,,,,
TrainedNinjaC dealt 1040 dmg,Tra,1040,1040,,,,,,,,,
cowderC dealt 330 dmg,cow,330,330,,,,,,,,,
cowboyC dealt 110 dmg,cow,110,110,,,,,,,,,
cowboyC dealt 160 dmg,cow,160,160,,,,,,,,,
cowboyC dealt 330 dmg,cow,330,330,,,,,,,,,
cowboyC dealt 320 dmg,cow,320,320,,,,,,,,,
YoungNinjaC dealt 1440 dmg,You,1440,1440,,,,,,,,,
YoungNinjaC dealt 1480 dmg,You,1480,1480,,,,,,,,,
YoungNinjaC dealt 160 dmg,You,160,160,,,,,,,,,
YoungNinjaC dealt 320 dmg,You,320,320,,,,,,,,,
TrainedNinjaC dealt 1000 dmg,Tra,1000,1000,,,,,,,,,
cowderC dealt 50 dmg,cow,50,50,,,,,,,,,
cowboyC dealt 270 dmg,cow,270,270,,,,,,,,,
cowboyC dealt 310 dmg,cow,310,310,,,,,,,,,
cowboyC dealt 20 dmg,cow,20,20,,,,,,,,,
cowboyC dealt 120 dmg,cow,120,120,,,,,,,,,
cowboyC dealt 70 dmg,cow,70,70,,,,,,,,,
YoungNinjaC dealt 880 dmg,You,880,880,,,,,,,,,
YoungNinjaC dealt 400 dmg,You,400,400,,,,,,,,,
TrainedNinjaC dealt 1040 dmg,Tra,1040,1040,,,,,,,,,
TrainedNinjaC dealt 720 dmg,Tra,720,720,,,,,,,,,
cowderC dealt 230 dmg,cow,230,230,,,,,,,,,
cowboyC dealt 70 dmg,cow,70,70,,,,,,,,,
cowboyC dealt 230 dmg,cow,230,230,,,,,,,,,
cowboyC dealt 20 dmg,cow,20,20,,,,,,,,,
cowboyC dealt 110 dmg,cow,110,110,,,,,,,,,
cowboyC dealt 230 dmg,cow,230,230,,,,,,,,,
cowboyC dealt 220 dmg,cow,220,220,,,,,,,,,
cowboyC dealt 40 dmg,cow,40,40,,,,,,,,,
YoungNinjaC dealt 640 dmg,You,640,640,,,,,,,,,
OldNinjaC dealt 1000 dmg,Old,1000,1000,,,,,,,,,
cowderC dealt 200 dmg,cow,200,200,,,,,,,,,
cowboyC dealt 200 dmg,cow,200,200,,,,,,,,,
cowboyC dealt 200 dmg,cow,200,200,,,,,,,,,
cowboyC dealt 200 dmg,cow,200,200,,,,,,,,,
cowboyC dealt 80 dmg,cow,80,80,,,,,,,,,
cowboyC dealt 200 dmg,cow,200,200,,,,,,,,,
cowboyC dealt 20 dmg,cow,20,20,,,,,,,,,
cowboyC dealt 50 dmg,cow,50,50,,,,,,,,,
TrainedNinjaC dealt 600 dmg,Tra,600,600,,,,,,,,,
OldNinjaC dealt 880 dmg,Old,880,880,,,,,,,,,
cowderC dealt 150 dmg,cow,150,150,,,,,,,,,
cowboyC dealt 70 dmg,cow,70,70,,,,,,,,,
cowboyC dealt 280 dmg,cow,280,280,,,,,,,,,
cowboyC dealt 330 dmg,cow,330,330,,,,,,,,,
cowboyC dealt 130 dmg,cow,130,130,,,,,,,,,
TrainedNinjaC dealt 200 dmg,Tra,200,200,,,,,,,,,
YoungNinjaC dealt 520 dmg,You,520,520,,,,,,,,,
OldNinjaC dealt 920 dmg,Old,920,920,,,,,,,,,
YoungNinjaC dealt 80 dmg,You,80,80,,,,,,,,,
TrainedNinjaC dealt 1200 dmg,Tra,1200,1200,,,,,,,,,
cowderC dealt 260 dmg,cow,260,260,,,,,,,,,
cowboyC dealt 260 dmg,cow,260,260,,,,,,,,,
cowboyC dealt 260 dmg,cow,260,260,,,,,,,,,
cowboyC dealt 130 dmg,cow,130,130,,,,,,,,,
cowboyC dealt 250 dmg,cow,250,250,,,,,,,,,
TrainedNinjaC dealt 1160 dmg,Tra,1160,1160,,,,,,,,,
OldNinjaC dealt 400 dmg,Old,400,400,,,,,,,,,
TrainedNinjaC dealt 760 dmg,Tra,760,760,,,,,,,,,
TrainedNinjaC dealt 80 dmg,Tra,80,80,,,,,,,,,
OldNinjaC dealt 200 dmg,Old,200,200,,,,,,,,,
cowderC dealt 180 dmg,cow,180,180,,,,,,,,,
cowboyC dealt 180 dmg,cow,180,180,,,,,,,,,
cowboyC dealt 180 dmg,cow,180,180,,,,,,,,,
cowboyC dealt 180 dmg,cow,180,180,,,,,,,,,
cowboyC dealt 30 dmg,cow,30,30,,,,,,,,,
cowboyC dealt 70 dmg,cow,70,70,,,,,,,,,
cowboyC dealt 180 dmg,cow,180,180,,,,,,,,,
cowboyC dealt 180 dmg,cow,180,180,,,,,,,,,
TrainedNinjaC dealt 480 dmg,Tra,480,480,,,,,,,,,
TrainedNinjaC dealt 760 dmg,Tra,760,760,,,,,,,,,
cowderC dealt 330 dmg,cow,330,330,,,,,,,,,
cowboyC dealt 380 dmg,cow,380,380,,,,,,,,,
cowboyC dealt 90 dmg,cow,90,90,,,,,,,,,
cowboyC dealt 60 dmg,cow,60,60,,,,,,,,,
cowboyC dealt 200 dmg,cow,200,200,,,,,,,,,
TrainedNinjaC dealt 600 dmg,Tra,600,600,,,,,,,,,
OldNinjaC dealt 200 dmg,Old,200,200,,,,,,,,,
TrainedNinjaC dealt 1080 dmg,Tra,1080,1080,,,,,,,,,
TrainedNinjaC dealt 1280 dmg,Tra,1280,1280,,,,,,,,,
TrainedNinjaC dealt 760 dmg,Tra,760,760,,,,,,,,,
cowderC dealt 30 dmg,cow,30,30,,,,,,,,,
YoungNinjaC dealt 680 dmg,You,680,680,,,,,,,,,
OldNinjaC dealt 1200 dmg,Old,1200,1200,,,,,,,,,
TrainedNinjaC dealt 1000 dmg,Tra,1000,1000,,,,,,,,,
TrainedNinjaC dealt 200 dmg,Tra,200,200,,,,,,,,,
TrainedNinjaC dealt 1080 dmg,Tra,1080,1080,,,,,,,,,
OldNinjaC dealt 800 dmg,Old,800,800,,,,,,,,,
OldNinjaC dealt 360 dmg,Old,360,360,,,,,,,,,
OldNinjaC dealt 600 dmg,Old,600,600,,,,,,,,,
TrainedNinjaC dealt 440 dmg,Tra,440,440,,,,,,,,,
cowderC dealt 40 dmg,cow,40,40,,,,,,,,,
cowboyC dealt 460 dmg,cow,460,460,,,,,,,,,
cowboyC dealt 460 dmg,cow,460,460,,,,,,,,,
cowboyC dealt 170 dmg,cow,170,170,,,,,,,,,
OldNinjaC dealt 360 dmg,Old,360,360,,,,,,,,,
TrainedNinjaC dealt 600 dmg,Tra,600,600,,,,,,,,,
YoungNinjaC dealt 1040 dmg,You,1040,1040,,,,,,,,,
TrainedNinjaC dealt 1760 dmg,Tra,1760,1760,,,,,,,,,
YoungNinjaC dealt 80 dmg,You,80,80,,,,,,,,,
YoungNinjaC dealt 1520 dmg,You,1520,1520,,,,,,,,,
cowderC dealt 370 dmg,cow,370,370,,,,,,,,,
cowboyC dealt 70 dmg,cow,70,70,,,,,,,,,
cowboyC dealt 370 dmg,cow,370,370,,,,,,,,,
cowboyC dealt 370 dmg,cow,370,370,,,,,,,,,
YoungNinjaC dealt 1040 dmg,You,1040,1040,,,,,,,,,
YoungNinjaC dealt 480 dmg,You,480,480,,,,,,,,,
YoungNinjaC dealt 1640 dmg,You,1640,1640,,,,,,,,,
OldNinjaC dealt 760 dmg,Old,760,760,,,,,,,,,
OldNinjaC dealt 160 dmg,Old,160,160,,,,,,,,,
OldNinjaC dealt 1360 dmg,Old,1360,1360,,,,,,,,,
cowderC dealt 170 dmg,cow,170,170,,,,,,,,,
cowboyC dealt 170 dmg,cow,170,170,,,,,,,,,
cowboyC dealt 160 dmg,cow,160,160,,,,,,,,,
cowboyC dealt 160 dmg,cow,160,160,,,,,,,,,
cowboyC dealt 160 dmg,cow,160,160,,,,,,,,,
cowboyC dealt 80 dmg,cow,80,80,,,,,,,,,
cowboyC dealt 120 dmg,cow,120,120,,,,,,,,,
cowboyC dealt 160 dmg,cow,160,160,,,,,,,,,
cowboyC dealt 40 dmg,cow,40,40,,,,,,,,,
OldNinjaC dealt 720 dmg,Old,720,720,,,,,,,,,
cowderC dealt 260 dmg,cow,260,260,,,,,,,,,
cowboyC dealt 60 dmg,cow,60,60,,,,,,,,,
cowboyC dealt 250 dmg,cow,250,250,,,,,,,,,
cowboyC dealt 180 dmg,cow,180,180,,,,,,,,,
cowboyC dealt 250 dmg,cow,250,250,,,,,,,,,
cowboyC dealt 250 dmg,cow,250,250,,,,,,,,,
OldNinjaC dealt 480 dmg,Old,480,480,,,,,,,,,
OldNinjaC dealt 1160 dmg,Old,1160,1160,,,,,,,,,
TrainedNinjaC dealt 1160 dmg,Tra,1160,1160,,,,,,,,,
YoungNinjaC dealt 120 dmg,You,120,120,,,,,,,,,
cowderC dealt 280 dmg,cow,280,280,,,,,,,,,
cowboyC dealt 280 dmg,cow,280,280,,,,,,,,,
cowboyC dealt 100 dmg,cow,100,100,,,,,,,,,
cowboyC dealt 280 dmg,cow,280,280,,,,,,,,,
cowboyC dealt 270 dmg,cow,270,270,,,,,,,,,
TrainedNinjaC dealt 1240 dmg,Tra,1240,1240,,,,,,,,,
YoungNinjaC dealt 880 dmg,You,880,880,,,,,,,,,
YoungNinjaC dealt 1240 dmg,You,1240,1240,,,,,,,,,
YoungNinjaC dealt 1240 dmg,You,1240,1240,,,,,,,,,
OldNinjaC dealt 200 dmg,Old,200,200,,,,,,,,,
cowderC dealt 40 dmg,cow,40,40,,,,,,,,,
cowboyC dealt 180 dmg,cow,180,180,,,,,,,,,
cowboyC dealt 180 dmg,cow,180,180,,,,,,,,,
cowboyC dealt 170 dmg,cow,170,170,,,,,,,,,
cowboyC dealt 170 dmg,cow,170,170,,,,,,,,,
cowboyC dealt 70 dmg,cow,70,70,,,,,,,,,
cowboyC dealt 170 dmg,cow,170,170,,,,,,,,,
cowboyC dealt 170 dmg,cow,170,170,,,,,,,,,
TrainedNinjaC dealt 760 dmg,Tra,760,760,,,,,,,,,
TrainedNinjaC dealt 760 dmg,Tra,760,760,,,,,,,,,
cowderC dealt 380 dmg,cow,380,380,,,,,,,,,
cowboyC dealt 200 dmg,cow,200,200,,,,,,,,,
cowboyC dealt 110 dmg,cow,110,110,,,,,,,,,
cowboyC dealt 370 dmg,cow,370,370,,,,,,,,,
OldNinjaC dealt 1720 dmg,Old,1720,1720,,,,,,,,,
YoungNinjaC dealt 240 dmg,You,240,240,,,,,,,,,
TrainedNinjaC dealt 720 dmg,Tra,720,720,,,,,,,,,
OldNinjaC dealt 680 dmg,Old,680,680,,,,,,,,,
OldNinjaC dealt 1440 dmg,Old,1440,1440,,,,,,,,,
OldNinjaC dealt 160 dmg,Old,160,160,,,,,,,,,
cowderC dealt 90 dmg,cow,90,90,,,,,,,,,
cowboyC dealt 270 dmg,cow,270,270,,,,,,,,,
cowboyC dealt 30 dmg,cow,30,30,,,,,,,,,
YoungNinjaC dealt 320 dmg,You,320,320,,,,,,,,,
OldNinjaC dealt 520 dmg,Old,520,520,,,,,,,,,
OldNinjaC dealt 1080 dmg,Old,1080,1080,,,,,,,,,
OldNinjaC dealt 800 dmg,Old,800,800,,,,,,,,,
YoungNinjaC dealt 960 dmg,You,960,960,,,,,,,,,
TrainedNinjaC dealt 200 dmg,Tra,200,200,,,,,,,,,
YoungNinjaC dealt 640 dmg,You,640,640,,,,,,,,,
cowderC dealt 370 dmg,cow,370,370,,,,,,,,,
cowboyC dealt 370 dmg,cow,370,370,,,,,,,,,
cowboyC dealt 80 dmg,cow,80,80,,,,,,,,,
cowboyC dealt 370 dmg,cow,370,370,,,,,,,,,
OldNinjaC dealt 920 dmg,Old,920,920,,,,,,,,,
YoungNinjaC dealt 520 dmg,You,520,520,,,,,,,,,
TrainedNinjaC dealt 160 dmg,Tra,160,160,,,,,,,,,
TrainedNinjaC dealt 1680 dmg,Tra,1680,1680,,,,,,,,,
TrainedNinjaC dealt 1200 dmg,Tra,1200,1200,,,,,,,,,
YoungNinjaC dealt 1440 dmg,You,1440,1440,,,,,,,,,
cowderC dealt 240 dmg,cow,240,240,,,,,,,,,
cowboyC dealt 80 dmg,cow,80,80,,,,,,,,,
cowboyC dealt 210 dmg,cow,210,210,,,,,,,,,
cowboyC dealt 200 dmg,cow,200,200,,,,,,,,,
TrainedNinjaC dealt 80 dmg,Tra,80,80,,,,,,,,,
YoungNinjaC dealt 760 dmg,You,760,760,,,,,,,,,
OldNinjaC dealt 680 dmg,Old,680,680,,,,,,,,,
TrainedNinjaC dealt 520 dmg,Tra,520,520,,,,,,,,,
YoungNinjaC dealt 160 dmg,You,160,160,,,,,,,,,
YoungNinjaC dealt 440 dmg,You,440,440,,,,,,,,,
cowderC dealt 430 dmg,cow,430,430,,,,,,,,,
cowboyC dealt 80 dmg,cow,80,80,,,,,,,,,
cowboyC dealt 380 dmg,cow,380,380,,,,,,,,,
OldNinjaC dealt 600 dmg,Old,600,600,,,,,,,,,
TrainedNinjaC dealt 1320 dmg,Tra,1320,1320,,,,,,,,,
TrainedNinjaC dealt 1520 dmg,Tra,1520,1520,,,,,,,,,
YoungNinjaC dealt 960 dmg,You,960,960,,,,,,,,,
TrainedNinjaC dealt 1160 dmg,Tra,1160,1160,,,,,,,,,
TrainedNinjaC dealt 160 dmg,Tra,160,160,,,,,,,,,
OldNinjaC dealt 1000 dmg,Old,1000,1000,,,,,,,,,
cowderC dealt 160 dmg,cow,160,160,,,,,,,,,
cowboyC dealt 110 dmg,cow,110,110,,,,,,,,,
cowboyC dealt 200 dmg,cow,200,200,,,,,,,,,
cowboyC dealt 30 dmg,cow,30,30,,,,,,,,,
cowboyC dealt 90 dmg,cow,90,90,,,,,,,,,
cowboyC dealt 180 dmg,cow,180,180,,,,,,,,,
OldNinjaC dealt 1040 dmg,Old,1040,1040,,,,,,,,,
TrainedNinjaC dealt 600 dmg,Tra,600,600,,,,,,,,,
YoungNinjaC dealt 320 dmg,You,320,320,,,,,,,,,
YoungNinjaC dealt 200 dmg,You,200,200,,,,,,,,,
cowderC dealt 170 dmg,cow,170,170,,,,,,,,,
cowboyC dealt 20 dmg,cow,20,20,,,,,,,,,
cowboyC dealt 120 dmg,cow,120,120,,,,,,,,,
cowboyC dealt 250 dmg,cow,250,250,,,,,,,,,
OldNinjaC dealt 320 dmg,Old,320,320,,,,,,,,,
OldNinjaC dealt 440 dmg,Old,440,440,,,,,,,,,
TrainedNinjaC dealt 880 dmg,Tra,880,880,,,,,,,,,
OldNinjaC dealt 1000 dmg,Old,1000,1000,,,,,,,,,
YoungNinjaC dealt 160 dmg,You,160,160,,,,,,,,,
TrainedNinjaC dealt 680 dmg,Tra,680,680,,,,,,,,,
cowderC dealt 30 dmg,cow,30,30,,,,,,,,,
cowboyC dealt 390 dmg,cow,390,390,,,,,,,,,
cowboyC dealt 390 dmg,cow,390,390,,,,,,,,,
cowboyC dealt 390 dmg,cow,390,390,,,,,,,,,
YoungNinjaC dealt 1160 dmg,You,1160,1160,,,,,,,,,
OldNinjaC dealt 640 dmg,Old,640,640,,,,,,,,,
OldNinjaC dealt 1760 dmg,Old,1760,1760,,,,,,,,,
TrainedNinjaC dealt 920 dmg,Tra,920,920,,,,,,,,,
TrainedNinjaC dealt 680 dmg,Tra,680,680,,,,,,,,,
TrainedNinjaC dealt 1200 dmg,Tra,1200,1200,,,,,,,,,
cowderC dealt 90 dmg,cow,90,90,,,,,,,,,
cowboyC dealt 290 dmg,cow,290,290,,,,,,,,,
cowboyC dealt 40 dmg,cow,40,40,,,,,,,,,
OldNinjaC dealt 320 dmg,Old,320,320,,,,,,,,,
OldNinjaC dealt 1200 dmg,Old,1200,1200,,,,,,,,,
OldNinjaC dealt 720 dmg,Old,720,720,,,,,,,,,
TrainedNinjaC dealt 1040 dmg,Tra,1040,1040,,,,,,,,,
YoungNinjaC dealt 120 dmg,You,120,120,,,,,,,,,
OldNinjaC dealt 920 dmg,Old,920,920,,,,,,,,,
OldNinjaC dealt 600 dmg,Old,600,600,,,,,,,,,
cowderC dealt 150 dmg,cow,150,150,,,,,,,,,
cowboyC dealt 410 dmg,cow,410,410,,,,,,,,,
cowboyC dealt 120 dmg,cow,120,120,,,,,,,,,
cowboyC dealt 350 dmg,cow,350,350,,,,,,,,,
TrainedNinjaC dealt 880 dmg,Tra,880,880,,,,,,,,,
OldNinjaC dealt 1440 dmg,Old,1440,1440,,,,,,,,,
OldNinjaC dealt 360 dmg,Old,360,360,,,,,,,,,
YoungNinjaC dealt 120 dmg,You,120,120,,,,,,,,,
YoungNinjaC dealt 1200 dmg,You,1200,1200,,,,,,,,,
YoungNinjaC dealt 1040 dmg,You,1040,1040,,,,,,,,,
cowderC dealt 370 dmg,cow,370,370,,,,,,,,,
cowboyC dealt 330 dmg,cow,330,330,,,,,,,,,
OldNinjaC dealt 1320 dmg,Old,1320,1320,,,,,,,,,
YoungNinjaC dealt 640 dmg,You,640,640,,,,,,,,,
YoungNinjaC dealt 400 dmg,You,400,400,,,,,,,,,
OldNinjaC dealt 160 dmg,Old,160,160,,,,,,,,,
YoungNinjaC dealt 960 dmg,You,960,960,,,,,,,,,
TrainedNinjaC dealt 480 dmg,Tra,480,480,,,,,,,,,
YoungNinjaC dealt 800 dmg,You,800,800,,,,,,,,,
YoungNinjaC dealt 1080 dmg,You,1080,1080,,,,,,,,,
cowderC dealt 390 dmg,cow,390,390,,,,,,,,,
cowboyC dealt 380 dmg,cow,380,380,,,,,,,,,
cowboyC dealt 270 dmg,cow,270,270,,,,,,,,,
cowboyC dealt 30 dmg,cow,30,30,,,,,,,,,
OldNinjaC dealt 1760 dmg,Old,1760,1760,,,,,,,,,
TrainedNinjaC dealt 1640 dmg,Tra,1640,1640,,,,,,,,,
TrainedNinjaC dealt 920 dmg,Tra,920,920,,,,,,,,,
TrainedNinjaC dealt 520 dmg,Tra,520,520,,,,,,,,,
YoungNinjaC dealt 360 dmg,You,360,360,,,,,,,,,
YoungNinjaC dealt 360 dmg,You,360,360,,,,,,,,,
cowderC dealt 300 dmg,cow,300,300,,,,,,,,,
cowboyC dealt 50 dmg,cow,50,50,,,,,,,,,
TrainedNinjaC dealt 520 dmg,Tra,520,520,,,,,,,,,
OldNinjaC dealt 1000 dmg,Old,1000,1000,,,,,,,,,
TrainedNinjaC dealt 120 dmg,Tra,120,120,,,,,,,,,
OldNinjaC dealt 400 dmg,Old,400,400,,,,,,,,,
TrainedNinjaC dealt 680 dmg,Tra,680,680,,,,,,,,,
TrainedNinjaC dealt 1080 dmg,Tra,1080,1080,,,,,,,,,
YoungNinjaC dealt 800 dmg,You,800,800,,,,,,,,,
TrainedNinjaC dealt 1240 dmg,Tra,1240,1240,,,,,,,,,
cowderC dealt 90 dmg,cow,90,90,,,,,,,,,
cowboyC dealt 370 dmg,cow,370,370,,,,,,,,,
cowboyC dealt 250 dmg,cow,250,250,,,,,,,,,
cowboyC dealt 300 dmg,cow,300,300,,,,,,,,,
cowboyC dealt 70 dmg,cow,70,70,,,,,,,,,
OldNinjaC dealt 1040 dmg,Old,1040,1040,,,,,,,,,
TrainedNinjaC dealt 520 dmg,Tra,520,520,,,,,,,,,
OldNinjaC dealt 760 dmg,Old,760,760,,,,,,,,,
TrainedNinjaC dealt 160 dmg,Tra,160,160,,,,,,,,,
TrainedNinjaC dealt 80 dmg,Tra,80,80,,,,,,,,,
cowderC dealt 30 dmg,cow,30,30,,,,,,,,,
cowboyC dealt 110 dmg,cow,110,110,,,,,,,,,
YoungNinjaC dealt 760 dmg,You,760,760,,,,,,,,,
OldNinjaC dealt 400 dmg,Old,400,400,,,,,,,,,
OldNinjaC dealt 240 dmg,Old,240,240,,,,,,,,,
OldNinjaC dealt 920 dmg,Old,920,920,,,,,,,,,
TrainedNinjaC dealt 760 dmg,Tra,760,760,,,,,,,,,
YoungNinjaC dealt 1000 dmg,You,1000,1000,,,,,,,,,
OldNinjaC dealt 1160 dmg,Old,1160,1160,,,,,,,,,
TrainedNinjaC dealt 600 dmg,Tra,600,600,,,,,,,,,
cowderC dealt 210 dmg,cow,210,210,,,,,,,,,
cowboyC dealt 210 dmg,cow,210,210,,,,,,,,,
cowboyC dealt 210 dmg,cow,210,210,,,,,,,,,
cowboyC dealt 130 dmg,cow,130,130,,,,,,,,,
cowboyC dealt 210 dmg,cow,210,210,,,,,,,,,
cowboyC dealt 210 dmg,cow,210,210,,,,,,,,,
TrainedNinjaC dealt 920 dmg,Tra,920,920,,,,,,,,,
YoungNinjaC dealt 920 dmg,You,920,920,,,,,,,,,
TrainedNinjaC dealt 120 dmg,Tra,120,120,,,,,,,,,
TrainedNinjaC dealt 320 dmg,Tra,320,320,,,,,,,,,
cowderC dealt 300 dmg,cow,300,300,,,,,,,,,
cowboyC dealt 480 dmg,cow,480,480,,,,,,,,,
cowboyC dealt 470 dmg,cow,470,470,,,,,,,,,
YoungNinjaC dealt 1600 dmg,You,1600,1600,,,,,,,,,
OldNinjaC dealt 880 dmg,Old,880,880,,,,,,,,,
TrainedNinjaC dealt 2160 dmg,Tra,2160,2160,,,,,,,,,
TrainedNinjaC dealt 480 dmg,Tra,480,480,,,,,,,,,
YoungNinjaC dealt 200 dmg,You,200,200,,,,,,,,,
YoungNinjaC dealt 1840 dmg,You,1840,1840,,,,,,,,,
TrainedNinjaC dealt 1160 dmg,Tra,1160,1160,,,,,,,,,
cowderC dealt 180 dmg,cow,180,180,,,,,,,,,
cowboyC dealt 180 dmg,cow,180,180,,,,,,,,,
cowboyC dealt 180 dmg,cow,180,180,,,,,,,,,
cowboyC dealt 60 dmg,cow,60,60,,,,,,,,,
cowboyC dealt 180 dmg,cow,180,180,,,,,,,,,
cowboyC dealt 180 dmg,cow,180,180,,,,,,,,,
cowboyC dealt 170 dmg,cow,170,170,,,,,,,,,
TrainedNinjaC dealt 760 dmg,Tra,760,760,,,,,,,,,
YoungNinjaC dealt 760 dmg,You,760,760,,,,,,,,,
OldNinjaC dealt 680 dmg,Old,680,680,,,,,,,,,
cowderC dealt 290 dmg,cow,290,290,,,,,,,,,
cowboyC dealt 170 dmg,cow,170,170,,,,,,,,,
cowboyC dealt 280 dmg,cow,280,280,,,,,,,,,
cowboyC dealt 280 dmg,cow,280,280,,,,,,,,,
cowboyC dealt 80 dmg,cow,80,80,,,,,,,,,
TrainedNinjaC dealt 1280 dmg,Tra,1280,1280,,,,,,,,,
OldNinjaC dealt 200 dmg,Old,200,200,,,,,,,,,
OldNinjaC dealt 600 dmg,Old,600,600,,,,,,,,,
OldNinjaC dealt 1280 dmg,Old,1280,1280,,,,,,,,,
YoungNinjaC dealt 920 dmg,You,920,920,,,,,,,,,
cowderC dealt 230 dmg,cow,230,230,,,,,,,,,
cowboyC dealt 230 dmg,cow,230,230,,,,,,,,,
cowboyC dealt 230 dmg,cow,230,230,,,,,,,,,
cowboyC dealt 70 dmg,cow,70,70,,,,,,,,,
cowboyC dealt 50 dmg,cow,50,50,,,,,,,,,
cowboyC dealt 230 dmg,cow,230,230,,,,,,,,,
cowboyC dealt 220 dmg,cow,220,220,,,,,,,,,
OldNinjaC dealt 1000 dmg,Old,1000,1000,,,,,,,,,
OldNinjaC dealt 1000 dmg,Old,1000,1000,,,,,,,,,
OldNinjaC dealt 1000 dmg,Old,1000,1000,,,,,,,,,
cowderC dealt 210 dmg,cow,210,210,,,,,,,,,
cowboyC dealt 200 dmg,cow,200,200,,,,,,,,,
cowboyC dealt 200 dmg,cow,200,200,,,,,,,,,
cowboyC dealt 200 dmg,cow,200,200,,,,,,,,,
cowboyC dealt 200 dmg,cow,200,200,,,,,,,,,
cowboyC dealt 200 dmg,cow,200,200,,,,,,,,,
YoungNinjaC dealt 920 dmg,You,920,920,,,,,,,,,
OldNinjaC dealt 200 dmg,Old,200,200,,,,,,,,,
YoungNinjaC dealt 800 dmg,You,800,800,,,,,,,,,
TrainedNinjaC dealt 920 dmg,Tra,920,920,,,,,,,,,
cowderC dealt 80 dmg,cow,80,80,,,,,,,,,
cowboyC dealt 20 dmg,cow,20,20,,,,,,,,,
cowboyC dealt 210 dmg,cow,210,210,,,,,,,,,
OldNinjaC dealt 680 dmg,Old,680,680,,,,,,,,,
OldNinjaC dealt 160 dmg,Old,160,160,,,,,,,,,
YoungNinjaC dealt 760 dmg,You,760,760,,,,,,,,,
TrainedNinjaC dealt 880 dmg,Tra,880,880,,,,,,,,,
YoungNinjaC dealt 240 dmg,You,240,240,,,,,,,,,
TrainedNinjaC dealt 440 dmg,Tra,440,440,,,,,,,,,
YoungNinjaC dealt 520 dmg,You,520,520,,,,,,,,,
cowderC dealt 180 dmg,cow,180,180,,,,,,,,,
cowboyC dealt 70 dmg,cow,70,70,,,,,,,,,
cowboyC dealt 160 dmg,cow,160,160,,,,,,,,,
TrainedNinjaC dealt 1000 dmg,Tra,1000,1000,,,,,,,,,
YoungNinjaC dealt 920 dmg,You,920,920,,,,,,,,,
OldNinjaC dealt 440 dmg,Old,440,440,,,,,,,,,
TrainedNinjaC dealt 200 dmg,Tra,200,200,,,,,,,,,
OldNinjaC dealt 600 dmg,Old,600,600,,,,,,,,,
YoungNinjaC dealt 1040 dmg,You,1040,1040,,,,,,,,,
OldNinjaC dealt 120 dmg,Old,120,120,,,,,,,,,
cowderC dealt 230 dmg,cow,230,230,,,,,,,,,
cowboyC dealt 220 dmg,cow,220,220,,,,,,,,,
cowboyC dealt 220 dmg,cow,220,220,,,,,,,,,
cowboyC dealt 220 dmg,cow,220,220,,,,,,,,,
cowboyC dealt 40 dmg,cow,40,40,,,,,,,,,
cowboyC dealt 220 dmg,cow,220,220,,,,,,,,,
TrainedNinjaC dealt 1000 dmg,Tra,1000,1000,,,,,,,,,
OldNinjaC dealt 1000 dmg,Old,1000,1000,,,,,,,,,
OldNinjaC dealt 480 dmg,Old,480,480,,,,,,,,,
YoungNinjaC dealt 760 dmg,You,760,760,,,,,,,,,
cowderC dealt 380 dmg,cow,380,380,,,,,,,,,
cowboyC dealt 380 dmg,cow,380,380,,,,,,,,,
cowboyC dealt 370 dmg,cow,370,370,,,,,,,,,
OldNinjaC dealt 1720 dmg,Old,1720,1720,,,,,,,,,
YoungNinjaC dealt 120 dmg,You,120,120,,,,,,,,,
YoungNinjaC dealt 1520 dmg,You,1520,1520,,,,,,,,,
TrainedNinjaC dealt 1240 dmg,Tra,1240,1240,,,,,,,,,
TrainedNinjaC dealt 1720 dmg,Tra,1720,1720,,,,,,,,,
OldNinjaC dealt 880 dmg,Old,880,880,,,,,,,,,
TrainedNinjaC dealt 320 dmg,Tra,320,320,,,,,,,,,
cowderC dealt 190 dmg,cow,190,190,,,,,,,,,
cowboyC dealt 190 dmg,cow,190,190,,,,,,,,,
cowboyC dealt 50 dmg,cow,50,50,,,,,,,,,
cowboyC dealt 30 dmg,cow,30,30,,,,,,,,,
cowboyC dealt 190 dmg,cow,190,190,,,,,,,,,
cowboyC dealt 180 dmg,cow,180,180,,,,,,,,,
cowboyC dealt 80 dmg,cow,80,80,,,,,,,,,
cowboyC dealt 180 dmg,cow,180,180,,,,,,,,,
TrainedNinjaC dealt 840 dmg,Tra,840,840,,,,,,,,,
YoungNinjaC dealt 600 dmg,You,600,600,,,,,,,,,
cowderC dealt 250 dmg,cow,250,250,,,,,,,,,
cowboyC dealt 300 dmg,cow,300,300,,,,,,,,,
cowboyC dealt 210 dmg,cow,210,210,,,,,,,,,
cowboyC dealt 180 dmg,cow,180,180,,,,,,,,,
OldNinjaC dealt 200 dmg,Old,200,200,,,,,,,,,
TrainedNinjaC dealt 80 dmg,Tra,80,80,,,,,,,,,
OldNinjaC dealt 720 dmg,Old,720,720,,,,,,,,,
OldNinjaC dealt 440 dmg,Old,440,440,,,,,,,,,
YoungNinjaC dealt 520 dmg,You,520,520,,,,,,,,,
YoungNinjaC dealt 320 dmg,You,320,320,,,,,,,,,
cowderC dealt 130 dmg,cow,130,130,,,,,,,,,
cowboyC dealt 60 dmg,cow,60,60,,,,,,,,,
cowboyC dealt 90 dmg,cow,90,90,,,,,,,,,
cowboyC dealt 620 dmg,cow,620,620,,,,,,,,,
cowboyC dealt 320 dmg,cow,320,320,,,,,,,,,
OldNinjaC dealt 800 dmg,Old,800,800,,,,,,,,,
OldNinjaC dealt 2160 dmg,Old,2160,2160,,,,,,,,,
OldNinjaC dealt 1120 dmg,Old,1120,1120,,,,,,,,,
TrainedNinjaC dealt 120 dmg,Tra,120,120,,,,,,,,,
OldNinjaC dealt 2840 dmg,Old,2840,2840,,,,,,,,,
cowderC dealt 360 dmg,cow,360,360,,,,,,,,,
cowboyC dealt 360 dmg,cow,360,360,,,,,,,,,
cowboyC dealt 110 dmg,cow,110,110,,,,,,,,,
cowboyC dealt 70 dmg,cow,70,70,,,,,,,,,
cowboyC dealt 260 dmg,cow,260,260,,,,,,,,,
YoungNinjaC dealt 1160 dmg,You,1160,1160,,,,,,,,,
YoungNinjaC dealt 1560 dmg,You,1560,1560,,,,,,,,,
TrainedNinjaC dealt 880 dmg,Tra,880,880,,,,,,,,,
TrainedNinjaC dealt 680 dmg,Tra,680,680,,,,,,,,,
TrainedNinjaC dealt 160 dmg,Tra,160,160,,,,,,,,,
cowderC dealt 210 dmg,cow,210,210,,,,,,,,,
cowboyC dealt 230 dmg,cow,230,230,,,,,,,,,
cowboyC dealt 120 dmg,cow,120,120,,,,,,,,,
cowboyC dealt 20 dmg,cow,20,20,,,,,,,,,
cowboyC dealt 150 dmg,cow,150,150,,,,,,,,,
TrainedNinjaC dealt 160 dmg,Tra,160,160,,,,,,,,,
OldNinjaC dealt 240 dmg,Old,240,240,,,,,,,,,
YoungNinjaC dealt 360 dmg,You,360,360,,,,,,,,,
TrainedNinjaC dealt 440 dmg,Tra,440,440,,,,,,,,,
TrainedNinjaC dealt 800 dmg,Tra,800,800,,,,,,,,,
cowderC dealt 190 dmg,cow,190,190,,,,,,,,,
cowboyC dealt 90 dmg,cow,90,90,,,,,,,,,
cowboyC dealt 150 dmg,cow,150,150,,,,,,,,,
cowboyC dealt 130 dmg,cow,130,130,,,,,,,,,
TrainedNinjaC dealt 360 dmg,Tra,360,360,,,,,,,,,
TrainedNinjaC dealt 200 dmg,Tra,200,200,,,,,,,,,
YoungNinjaC dealt 160 dmg,You,160,160,,,,,,,,,
OldNinjaC dealt 480 dmg,Old,480,480,,,,,,,,,
OldNinjaC dealt 800 dmg,Old,800,800,,,,,,,,,
TrainedNinjaC dealt 80 dmg,Tra,80,80,,,,,,,,,
cowderC dealt 380 dmg,cow,380,380,,,,,,,,,
cowboyC dealt 380 dmg,cow,380,380,,,,,,,,,
cowboyC dealt 30 dmg,cow,30,30,,,,,,,,,
cowboyC dealt 370 dmg,cow,370,370,,,,,,,,,
TrainedNinjaC dealt 1720 dmg,Tra,1720,1720,,,,,,,,,
TrainedNinjaC dealt 1040 dmg,Tra,1040,1040,,,,,,,,,
YoungNinjaC dealt 1560 dmg,You,1560,1560,,,,,,,,,
OldNinjaC dealt 760 dmg,Old,760,760,,,,,,,,,
OldNinjaC dealt 320 dmg,Old,320,320,,,,,,,,,
YoungNinjaC dealt 440 dmg,You,440,440,,,,,,,,,
cowderC dealt 100 dmg,cow,100,100,,,,,,,,,
cowboyC dealt 280 dmg,cow,280,280,,,,,,,,,
cowboyC dealt 80 dmg,cow,80,80,,,,,,,,,
cowboyC dealt 260 dmg,cow,260,260,,,,,,,,,
cowboyC dealt 30 dmg,cow,30,30,,,,,,,,,
TrainedNinjaC dealt 200 dmg,Tra,200,200,,,,,,,,,
OldNinjaC dealt 1040 dmg,Old,1040,1040,,,,,,,,,
YoungNinjaC dealt 880 dmg,You,880,880,,,,,,,,,
OldNinjaC dealt 760 dmg,Old,760,760,,,,,,,,,
YoungNinjaC dealt 600 dmg,You,600,600,,,,,,,,,
cowderC dealt 310 dmg,cow,310,310,,,,,,,,,
cowboyC dealt 140 dmg,cow,140,140,,,,,,,,,
cowboyC dealt 60 dmg,cow,60,60,,,,,,,,,
cowboyC dealt 20 dmg,cow,20,20,,,,,,,,,
cowboyC dealt 250 dmg,cow,250,250,,,,,,,,,
cowboyC dealt 210 dmg,cow,210,210,,,,,,,,,
TrainedNinjaC dealt 520 dmg,Tra,520,520,,,,,,,,,
TrainedNinjaC dealt 160 dmg,Tra,160,160,,,,,,,,,
TrainedNinjaC dealt 400 dmg,Tra,400,400,,,,,,,,,
YoungNinjaC dealt 800 dmg,You,800,800,,,,,,,,,
cowderC dealt 380 dmg,cow,380,380,,,,,,,,,
cowboyC dealt 380 dmg,cow,380,380,,,,,,,,,
cowboyC dealt 80 dmg,cow,80,80,,,,,,,,,
cowboyC dealt 380 dmg,cow,380,380,,,,,,,,,
YoungNinjaC dealt 760 dmg,You,760,760,,,,,,,,,
TrainedNinjaC dealt 160 dmg,Tra,160,160,,,,,,,,,
OldNinjaC dealt 1720 dmg,Old,1720,1720,,,,,,,,,
OldNinjaC dealt 1720 dmg,Old,1720,1720,,,,,,,,,
TrainedNinjaC dealt 1200 dmg,Tra,1200,1200,,,,,,,,,
YoungNinjaC dealt 520 dmg,You,520,520,,,,,,,,,
cowderC dealt 320 dmg,cow,320,320,,,,,,,,,
cowboyC dealt 80 dmg,cow,80,80,,,,,,,,,
cowboyC dealt 320 dmg,cow,320,320,,,,,,,,,
cowboyC dealt 310 dmg,cow,310,310,,,,,,,,,
cowboyC dealt 140 dmg,cow,140,140,,,,,,,,,
YoungNinjaC dealt 1440 dmg,You,1440,1440,,,,,,,,,
TrainedNinjaC dealt 160 dmg,Tra,160,160,,,,,,,,,
TrainedNinjaC dealt 1440 dmg,Tra,1440,1440,,,,,,,,,
YoungNinjaC dealt 880 dmg,You,880,880,,,,,,,,,
TrainedNinjaC dealt 1160 dmg,Tra,1160,1160,,,,,,,,,
cowderC dealt 250 dmg,cow,250,250,,,,,,,,,
cowboyC dealt 170 dmg,cow,170,170,,,,,,,,,
cowboyC dealt 390 dmg,cow,390,390,,,,,,,,,
cowboyC dealt 380 dmg,cow,380,380,,,,,,,,,
TrainedNinjaC dealt 240 dmg,Tra,240,240,,,,,,,,,
YoungNinjaC dealt 360 dmg,You,360,360,,,,,,,,,
YoungNinjaC dealt 1080 dmg,You,1080,1080,,,,,,,,,
YoungNinjaC dealt 480 dmg,You,480,480,,,,,,,,,
YoungNinjaC dealt 120 dmg,You,120,120,,,,,,,,,
OldNinjaC dealt 1760 dmg,Old,1760,1760,,,,,,,,,
cowderC dealt 400 dmg,cow,400,400,,,,,,,,,
cowboyC dealt 150 dmg,cow,150,150,,,,,,,,,
cowboyC dealt 30 dmg,cow,30,30,,,,,,,,,
cowboyC dealt 80 dmg,cow,80,80,,,,,,,,,
cowboyC dealt 110 dmg,cow,110,110,,,,,,,,,
cowboyC dealt 390 dmg,cow,390,390,,,,,,,,,
OldNinjaC dealt 1800 dmg,Old,1800,1800,,,,,,,,,
YoungNinjaC dealt 880 dmg,You,880,880,,,,,,,,,
YoungNinjaC dealt 200 dmg,You,200,200,,,,,,,,,
TrainedNinjaC dealt 1760 dmg,Tra,1760,1760,,,,,,,,,
cowderC dealt 280 dmg,cow,280,280,,,,,,,,,
cowboyC dealt 280 dmg,cow,280,280,,,,,,,,,
cowboyC dealt 270 dmg,cow,270,270,,,,,,,,,
cowboyC dealt 80 dmg,cow,80,80,,,,,,,,,
cowboyC dealt 270 dmg,cow,270,270,,,,,,,,,
OldNinjaC dealt 640 dmg,Old,640,640,,,,,,,,,
OldNinjaC dealt 160 dmg,Old,160,160,,,,,,,,,
YoungNinjaC dealt 1240 dmg,You,1240,1240,,,,,,,,,
YoungNinjaC dealt 1240 dmg,You,1240,1240,,,,,,,,,
OldNinjaC dealt 1240 dmg,Old,1240,1240,,,,,,,,,
cowderC dealt 110 dmg,cow,110,110,,,,,,,,,
cowboyC dealt 260 dmg,cow,260,260,,,,,,,,,
cowboyC dealt 280 dmg,cow,280,280,,,,,,,,,
TrainedNinjaC dealt 1040 dmg,Tra,1040,1040,,,,,,,,,
TrainedNinjaC dealt 640 dmg,Tra,640,640,,,,,,,,,
TrainedNinjaC dealt 240 dmg,Tra,240,240,,,,,,,,,
OldNinjaC dealt 120 dmg,Old,120,120,,,,,,,,,
TrainedNinjaC dealt 920 dmg,Tra,920,920,,,,,,,,,
YoungNinjaC dealt 360 dmg,You,360,360,,,,,,,,,
TrainedNinjaC dealt 760 dmg,Tra,760,760,,,,,,,,,
cowderC dealt 280 dmg,cow,280,280,,,,,,,,,
cowboyC dealt 270 dmg,cow,270,270,,,,,,,,,
cowboyC dealt 60 dmg,cow,60,60,,,,,,,,,
cowboyC dealt 270 dmg,cow,270,270,,,,,,,,,
cowboyC dealt 100 dmg,cow,100,100,,,,,,,,,
cowboyC dealt 180 dmg,cow,180,180,,,,,,,,,
OldNinjaC dealt 1240 dmg,Old,1240,1240,,,,,,,,,
YoungNinjaC dealt 600 dmg,You,600,600,,,,,,,,,
YoungNinjaC dealt 640 dmg,You,640,640,,,,,,,,,
YoungNinjaC dealt 880 dmg,You,880,880,,,,,,,,,
cowderC dealt 310 dmg,cow,310,310,,,,,,,,,
cowboyC dealt 220 dmg,cow,220,220,,,,,,,,,
cowboyC dealt 90 dmg,cow,90,90,,,,,,,,,
cowboyC dealt 310 dmg,cow,310,310,,,,,,,,,
cowboyC dealt 300 dmg,cow,300,300,,,,,,,,,
OldNinjaC dealt 200 dmg,Old,200,200,,,,,,,,,
OldNinjaC dealt 1400 dmg,Old,1400,1400,,,,,,,,,
OldNinjaC dealt 1400 dmg,Old,1400,1400,,,,,,,,,
YoungNinjaC dealt 1400 dmg,You,1400,1400,,,,,,,,,
TrainedNinjaC dealt 1400 dmg,Tra,1400,1400,,,,,,,,,
cowderC dealt 100 dmg,cow,100,100,,,,,,,,,
cowboyC dealt 460 dmg,cow,460,460,,,,,,,,,
cowboyC dealt 80 dmg,cow,80,80,,,,,,,,,
cowboyC dealt 30 dmg,cow,30,30,,,,,,,,,
cowboyC dealt 450 dmg,cow,450,450,,,,,,,,,
TrainedNinjaC dealt 960 dmg,Tra,960,960,,,,,,,,,
YoungNinjaC dealt 2080 dmg,You,2080,2080,,,,,,,,,
YoungNinjaC dealt 1440 dmg,You,1440,1440,,,,,,,,,
YoungNinjaC dealt 680 dmg,You,680,680,,,,,,,,,
YoungNinjaC dealt 1200 dmg,You,1200,1200,,,,,,,,,
cowderC dealt 280 dmg,cow,280,280,,,,,,,,,
cowboyC dealt 170 dmg,cow,170,170,,,,,,,,,
cowboyC dealt 280 dmg,cow,280,280,,,,,,,,,
cowboyC dealt 130 dmg,cow,130,130,,,,,,,,,
cowboyC dealt 270 dmg,cow,270,270,,,,,,,,,
OldNinjaC dealt 320 dmg,Old,320,320,,,,,,,,,
YoungNinjaC dealt 80 dmg,You,80,80,,,,,,,,,
YoungNinjaC dealt 1240 dmg,You,1240,1240,,,,,,,,,
OldNinjaC dealt 480 dmg,Old,480,480,,,,,,,,,
OldNinjaC dealt 200 dmg,Old,200,200,,,,,,,,,
cowderC dealt 230 dmg,cow,230,230,,,,,,,,,
cowboyC dealt 230 dmg,cow,230,230,,,,,,,,,
cowboyC dealt 230 dmg,cow,230,230,,,,,,,,,
cowboyC dealt 230 dmg,cow,230,230,,,,,,,,,
cowboyC dealt 220 dmg,,,,,,,,,,,,
YoungNinjaC dealt 1000 dmg,,,,,,,,,,,,
OldNinjaC dealt 1000 dmg,,,,,,,,,,,,
OldNinjaC dealt 200 dmg,,,,,,,,,,,,
YoungNinjaC dealt 400 dmg,,,,,,,,,,,,
YoungNinjaC dealt 1000 dmg,,,,,,,,,,,,
